CodigoEstacion,NombreEstacion,Latitud,Longitud,Altitud,Departamento,Municipio,IdParametro,Frecuencia,Fecha,Valor
23195200,CACHIRI  - AUT [23195200],7.473890,-72.991110,1885,Santander,Suratá,PRECIPITACION,Diaria,01/01/2022,0
23195200,CACHIRI  - AUT [23195200],7.473890,-72.991110,1885,Santander,Suratá,PRECIPITACION,Diaria,02/01/2022,0
23195200,CACHIRI  - AUT [23195200],7.473890,-72.991110,1885,Santander,Suratá,PRECIPITACION,Diaria,03/01/2022,0
23195200,CACHIRI  - AUT [23195200],7.473890,-72.991110,1885,Santander,Suratá,PRECIPITACION,Diaria,04/01/2022,0
23195200,CACHIRI  - AUT [23195200],7.473890,-72.991110,1885,Santander,Suratá,PRECIPITACION,Diaria,05/01/2022,0
23195200,CACHIRI  - AUT [23195200],7.473890,-72.991110,1885,Santander,Suratá,PRECIPITACION,Diaria,06/01/2022,0
23195200,CACHIRI  - AUT [23195200],7.473890,-72.991110,1885,Santander,Suratá,PRECIPITACION,Diaria,07/01/2022,0
23195200,CACHIRI  - AUT [23195200],7.473890,-72.991110,1885,Santander,Suratá,PRECIPITACION,Diaria,08/01/2022,0
23195200,CACHIRI  - AUT [23195200],7.473890,-72.991110,1885,Santander,Suratá,PRECIPITACION,Diaria,09/01/2022,0
23195200,CACHIRI  - AUT [23195200],7.473890,-72.991110,1885,Santander,Suratá,PRECIPITACION,Diaria,10/01/2022,0
23195200,CACHIRI  - AUT [23195200],7.473890,-72.991110,1885,Santander,Suratá,PRECIPITACION,Diaria,11/01/2022,0
23195200,CACHIRI  - AUT [23195200],7.473890,-72.991110,1885,Santander,Suratá,PRECIPITACION,Diaria,12/01/2022,80.8
23195200,CACHIRI  - AUT [23195200],7.473890,-72.991110,1885,Santander,Suratá,PRECIPITACION,Diaria,13/01/2022,60.4
23195200,CACHIRI  - AUT [23195200],7.473890,-72.991110,1885,Santander,Suratá,PRECIPITACION,Diaria,14/01/2022,0
23195200,CACHIRI  - AUT [23195200],7.473890,-72.991110,1885,Santander,Suratá,PRECIPITACION,Diaria,15/01/2022,0
23195200,CACHIRI  - AUT [23195200],7.473890,-72.991110,1885,Santander,Suratá,PRECIPITACION,Diaria,16/01/2022,0
23195200,CACHIRI  - AUT [23195200],7.473890,-72.991110,1885,Santander,Suratá,PRECIPITACION,Diaria,17/01/2022,0
23195200,CACHIRI  - AUT [23195200],7.473890,-72.991110,1885,Santander,Suratá,PRECIPITACION,Diaria,18/01/2022,0
23195200,CACHIRI  - AUT [23195200],7.473890,-72.991110,1885,Santander,Suratá,PRECIPITACION,Diaria,19/01/2022,0
23195200,CACHIRI  - AUT [23195200],7.473890,-72.991110,1885,Santander,Suratá,PRECIPITACION,Diaria,20/01/2022,0
23195200,CACHIRI  - AUT [23195200],7.473890,-72.991110,1885,Santander,Suratá,PRECIPITACION,Diaria,21/01/2022,0
23195200,CACHIRI  - AUT [23195200],7.473890,-72.991110,1885,Santander,Suratá,PRECIPITACION,Diaria,22/01/2022,0
23195200,CACHIRI  - AUT [23195200],7.473890,-72.991110,1885,Santander,Suratá,PRECIPITACION,Diaria,23/01/2022,70.7
23195200,CACHIRI  - AUT [23195200],7.473890,-72.991110,1885,Santander,Suratá,PRECIPITACION,Diaria,24/01/2022,0
23195200,CACHIRI  - AUT [23195200],7.473890,-72.991110,1885,Santander,Suratá,PRECIPITACION,Diaria,25/01/2022,0
23195200,CACHIRI  - AUT [23195200],7.473890,-72.991110,1885,Santander,Suratá,PRECIPITACION,Diaria,26/01/2022,0
23195200,CACHIRI  - AUT [23195200],7.473890,-72.991110,1885,Santander,Suratá,PRECIPITACION,Diaria,27/01/2022,0
23195200,CACHIRI  - AUT [23195200],7.473890,-72.991110,1885,Santander,Suratá,PRECIPITACION,Diaria,28/01/2022,0
23195200,CACHIRI  - AUT [23195200],7.473890,-72.991110,1885,Santander,Suratá,PRECIPITACION,Diaria,29/01/2022,0
23195200,CACHIRI  - AUT [23195200],7.473890,-72.991110,1885,Santander,Suratá,PRECIPITACION,Diaria,30/01/2022,0
23195200,CACHIRI  - AUT [23195200],7.473890,-72.991110,1885,Santander,Suratá,PRECIPITACION,Diaria,31/01/2022,0
23195200,CACHIRI  - AUT [23195200],7.473890,-72.991110,1885,Santander,Suratá,PRECIPITACION,Diaria,01/02/2022,0
23195200,CACHIRI  - AUT [23195200],7.473890,-72.991110,1885,Santander,Suratá,PRECIPITACION,Diaria,02/02/2022,0
23195200,CACHIRI  - AUT [23195200],7.473890,-72.991110,1885,Santander,Suratá,PRECIPITACION,Diaria,03/02/2022,0
23195200,CACHIRI  - AUT [23195200],7.473890,-72.991110,1885,Santander,Suratá,PRECIPITACION,Diaria,04/02/2022,20
23195200,CACHIRI  - AUT [23195200],7.473890,-72.991110,1885,Santander,Suratá,PRECIPITACION,Diaria,05/02/2022,0
23195200,CACHIRI  - AUT [23195200],7.473890,-72.991110,1885,Santander,Suratá,PRECIPITACION,Diaria,06/02/2022,10.2
23195200,CACHIRI  - AUT [23195200],7.473890,-72.991110,1885,Santander,Suratá,PRECIPITACION,Diaria,07/02/2022,20.5
23195200,CACHIRI  - AUT [23195200],7.473890,-72.991110,1885,Santander,Suratá,PRECIPITACION,Diaria,08/02/2022,60.7
23195200,CACHIRI  - AUT [23195200],7.473890,-72.991110,1885,Santander,Suratá,PRECIPITACION,Diaria,09/02/2022,0
23195200,CACHIRI  - AUT [23195200],7.473890,-72.991110,1885,Santander,Suratá,PRECIPITACION,Diaria,10/02/2022,0
23195200,CACHIRI  - AUT [23195200],7.473890,-72.991110,1885,Santander,Suratá,PRECIPITACION,Diaria,11/02/2022,0
23195200,CACHIRI  - AUT [23195200],7.473890,-72.991110,1885,Santander,Suratá,PRECIPITACION,Diaria,12/02/2022,0
23195200,CACHIRI  - AUT [23195200],7.473890,-72.991110,1885,Santander,Suratá,PRECIPITACION,Diaria,13/02/2022,19.9
23195200,CACHIRI  - AUT [23195200],7.473890,-72.991110,1885,Santander,Suratá,PRECIPITACION,Diaria,14/02/2022,0
23195200,CACHIRI  - AUT [23195200],7.473890,-72.991110,1885,Santander,Suratá,PRECIPITACION,Diaria,15/02/2022,0
23195200,CACHIRI  - AUT [23195200],7.473890,-72.991110,1885,Santander,Suratá,PRECIPITACION,Diaria,16/02/2022,0
23195200,CACHIRI  - AUT [23195200],7.473890,-72.991110,1885,Santander,Suratá,PRECIPITACION,Diaria,17/02/2022,0
23195200,CACHIRI  - AUT [23195200],7.473890,-72.991110,1885,Santander,Suratá,PRECIPITACION,Diaria,18/02/2022,20
23195200,CACHIRI  - AUT [23195200],7.473890,-72.991110,1885,Santander,Suratá,PRECIPITACION,Diaria,19/02/2022,0
23195200,CACHIRI  - AUT [23195200],7.473890,-72.991110,1885,Santander,Suratá,PRECIPITACION,Diaria,20/02/2022,0
23195200,CACHIRI  - AUT [23195200],7.473890,-72.991110,1885,Santander,Suratá,PRECIPITACION,Diaria,21/02/2022,0
23195200,CACHIRI  - AUT [23195200],7.473890,-72.991110,1885,Santander,Suratá,PRECIPITACION,Diaria,22/02/2022,0
23195200,CACHIRI  - AUT [23195200],7.473890,-72.991110,1885,Santander,Suratá,PRECIPITACION,Diaria,23/02/2022,20.7
23195200,CACHIRI  - AUT [23195200],7.473890,-72.991110,1885,Santander,Suratá,PRECIPITACION,Diaria,24/02/2022,0
23195200,CACHIRI  - AUT [23195200],7.473890,-72.991110,1885,Santander,Suratá,PRECIPITACION,Diaria,25/02/2022,40
23195200,CACHIRI  - AUT [23195200],7.473890,-72.991110,1885,Santander,Suratá,PRECIPITACION,Diaria,26/02/2022,0
23195200,CACHIRI  - AUT [23195200],7.473890,-72.991110,1885,Santander,Suratá,PRECIPITACION,Diaria,27/02/2022,0
23195200,CACHIRI  - AUT [23195200],7.473890,-72.991110,1885,Santander,Suratá,PRECIPITACION,Diaria,28/02/2022,0.4
23195200,CACHIRI  - AUT [23195200],7.473890,-72.991110,1885,Santander,Suratá,PRECIPITACION,Diaria,01/03/2022,20.8
23195200,CACHIRI  - AUT [23195200],7.473890,-72.991110,1885,Santander,Suratá,PRECIPITACION,Diaria,02/03/2022,10.5
23195200,CACHIRI  - AUT [23195200],7.473890,-72.991110,1885,Santander,Suratá,PRECIPITACION,Diaria,03/03/2022,0
23195200,CACHIRI  - AUT [23195200],7.473890,-72.991110,1885,Santander,Suratá,PRECIPITACION,Diaria,04/03/2022,0
23195200,CACHIRI  - AUT [23195200],7.473890,-72.991110,1885,Santander,Suratá,PRECIPITACION,Diaria,05/03/2022,6
23195200,CACHIRI  - AUT [23195200],7.473890,-72.991110,1885,Santander,Suratá,PRECIPITACION,Diaria,06/03/2022,17.6
23195200,CACHIRI  - AUT [23195200],7.473890,-72.991110,1885,Santander,Suratá,PRECIPITACION,Diaria,07/03/2022,6.1
23195200,CACHIRI  - AUT [23195200],7.473890,-72.991110,1885,Santander,Suratá,PRECIPITACION,Diaria,08/03/2022,0
23195200,CACHIRI  - AUT [23195200],7.473890,-72.991110,1885,Santander,Suratá,PRECIPITACION,Diaria,09/03/2022,0
23195200,CACHIRI  - AUT [23195200],7.473890,-72.991110,1885,Santander,Suratá,PRECIPITACION,Diaria,10/03/2022,10.9
23195200,CACHIRI  - AUT [23195200],7.473890,-72.991110,1885,Santander,Suratá,PRECIPITACION,Diaria,11/03/2022,1.6
23195200,CACHIRI  - AUT [23195200],7.473890,-72.991110,1885,Santander,Suratá,PRECIPITACION,Diaria,12/03/2022,7.8
23195200,CACHIRI  - AUT [23195200],7.473890,-72.991110,1885,Santander,Suratá,PRECIPITACION,Diaria,13/03/2022,0
23195200,CACHIRI  - AUT [23195200],7.473890,-72.991110,1885,Santander,Suratá,PRECIPITACION,Diaria,14/03/2022,0
23195200,CACHIRI  - AUT [23195200],7.473890,-72.991110,1885,Santander,Suratá,PRECIPITACION,Diaria,15/03/2022,0
23195200,CACHIRI  - AUT [23195200],7.473890,-72.991110,1885,Santander,Suratá,PRECIPITACION,Diaria,16/03/2022,0
23195200,CACHIRI  - AUT [23195200],7.473890,-72.991110,1885,Santander,Suratá,PRECIPITACION,Diaria,17/03/2022,0
23195200,CACHIRI  - AUT [23195200],7.473890,-72.991110,1885,Santander,Suratá,PRECIPITACION,Diaria,18/03/2022,0
23195200,CACHIRI  - AUT [23195200],7.473890,-72.991110,1885,Santander,Suratá,PRECIPITACION,Diaria,19/03/2022,0
23195200,CACHIRI  - AUT [23195200],7.473890,-72.991110,1885,Santander,Suratá,PRECIPITACION,Diaria,20/03/2022,0
23195200,CACHIRI  - AUT [23195200],7.473890,-72.991110,1885,Santander,Suratá,PRECIPITACION,Diaria,21/03/2022,0
23195200,CACHIRI  - AUT [23195200],7.473890,-72.991110,1885,Santander,Suratá,PRECIPITACION,Diaria,22/03/2022,0
23195200,CACHIRI  - AUT [23195200],7.473890,-72.991110,1885,Santander,Suratá,PRECIPITACION,Diaria,23/03/2022,0
23195200,CACHIRI  - AUT [23195200],7.473890,-72.991110,1885,Santander,Suratá,PRECIPITACION,Diaria,24/03/2022,0
23195200,CACHIRI  - AUT [23195200],7.473890,-72.991110,1885,Santander,Suratá,PRECIPITACION,Diaria,25/03/2022,2
23195200,CACHIRI  - AUT [23195200],7.473890,-72.991110,1885,Santander,Suratá,PRECIPITACION,Diaria,26/03/2022,0
23195200,CACHIRI  - AUT [23195200],7.473890,-72.991110,1885,Santander,Suratá,PRECIPITACION,Diaria,27/03/2022,0
23195200,CACHIRI  - AUT [23195200],7.473890,-72.991110,1885,Santander,Suratá,PRECIPITACION,Diaria,28/03/2022,0
23195200,CACHIRI  - AUT [23195200],7.473890,-72.991110,1885,Santander,Suratá,PRECIPITACION,Diaria,29/03/2022,3.5
23195200,CACHIRI  - AUT [23195200],7.473890,-72.991110,1885,Santander,Suratá,PRECIPITACION,Diaria,30/03/2022,3.3
23195200,CACHIRI  - AUT [23195200],7.473890,-72.991110,1885,Santander,Suratá,PRECIPITACION,Diaria,31/03/2022,4.6
23195200,CACHIRI  - AUT [23195200],7.473890,-72.991110,1885,Santander,Suratá,PRECIPITACION,Diaria,01/04/2022,5
23195200,CACHIRI  - AUT [23195200],7.473890,-72.991110,1885,Santander,Suratá,PRECIPITACION,Diaria,02/04/2022,0
23195200,CACHIRI  - AUT [23195200],7.473890,-72.991110,1885,Santander,Suratá,PRECIPITACION,Diaria,03/04/2022,0
23195200,CACHIRI  - AUT [23195200],7.473890,-72.991110,1885,Santander,Suratá,PRECIPITACION,Diaria,04/04/2022,25.3
23195200,CACHIRI  - AUT [23195200],7.473890,-72.991110,1885,Santander,Suratá,PRECIPITACION,Diaria,05/04/2022,1.5
23195200,CACHIRI  - AUT [23195200],7.473890,-72.991110,1885,Santander,Suratá,PRECIPITACION,Diaria,06/04/2022,1.6
23195200,CACHIRI  - AUT [23195200],7.473890,-72.991110,1885,Santander,Suratá,PRECIPITACION,Diaria,07/04/2022,5.7
23195200,CACHIRI  - AUT [23195200],7.473890,-72.991110,1885,Santander,Suratá,PRECIPITACION,Diaria,08/04/2022,0
23195200,CACHIRI  - AUT [23195200],7.473890,-72.991110,1885,Santander,Suratá,PRECIPITACION,Diaria,09/04/2022,0
23195200,CACHIRI  - AUT [23195200],7.473890,-72.991110,1885,Santander,Suratá,PRECIPITACION,Diaria,10/04/2022,0
23195200,CACHIRI  - AUT [23195200],7.473890,-72.991110,1885,Santander,Suratá,PRECIPITACION,Diaria,11/04/2022,0
23195200,CACHIRI  - AUT [23195200],7.473890,-72.991110,1885,Santander,Suratá,PRECIPITACION,Diaria,12/04/2022,0
23195200,CACHIRI  - AUT [23195200],7.473890,-72.991110,1885,Santander,Suratá,PRECIPITACION,Diaria,13/04/2022,0
23195200,CACHIRI  - AUT [23195200],7.473890,-72.991110,1885,Santander,Suratá,PRECIPITACION,Diaria,14/04/2022,0
23195200,CACHIRI  - AUT [23195200],7.473890,-72.991110,1885,Santander,Suratá,PRECIPITACION,Diaria,15/04/2022,3.5
23195200,CACHIRI  - AUT [23195200],7.473890,-72.991110,1885,Santander,Suratá,PRECIPITACION,Diaria,16/04/2022,31.4
23195200,CACHIRI  - AUT [23195200],7.473890,-72.991110,1885,Santander,Suratá,PRECIPITACION,Diaria,17/04/2022,9.9
23195200,CACHIRI  - AUT [23195200],7.473890,-72.991110,1885,Santander,Suratá,PRECIPITACION,Diaria,18/04/2022,17.3
23195200,CACHIRI  - AUT [23195200],7.473890,-72.991110,1885,Santander,Suratá,PRECIPITACION,Diaria,19/04/2022,17.8
23195200,CACHIRI  - AUT [23195200],7.473890,-72.991110,1885,Santander,Suratá,PRECIPITACION,Diaria,20/04/2022,8
23195200,CACHIRI  - AUT [23195200],7.473890,-72.991110,1885,Santander,Suratá,PRECIPITACION,Diaria,21/04/2022,7.4
23195200,CACHIRI  - AUT [23195200],7.473890,-72.991110,1885,Santander,Suratá,PRECIPITACION,Diaria,22/04/2022,4.6
23195200,CACHIRI  - AUT [23195200],7.473890,-72.991110,1885,Santander,Suratá,PRECIPITACION,Diaria,23/04/2022,5.5
23195200,CACHIRI  - AUT [23195200],7.473890,-72.991110,1885,Santander,Suratá,PRECIPITACION,Diaria,24/04/2022,9.8
23195200,CACHIRI  - AUT [23195200],7.473890,-72.991110,1885,Santander,Suratá,PRECIPITACION,Diaria,25/04/2022,6.8
23195200,CACHIRI  - AUT [23195200],7.473890,-72.991110,1885,Santander,Suratá,PRECIPITACION,Diaria,26/04/2022,32.5
23195200,CACHIRI  - AUT [23195200],7.473890,-72.991110,1885,Santander,Suratá,PRECIPITACION,Diaria,27/04/2022,20.2
23195200,CACHIRI  - AUT [23195200],7.473890,-72.991110,1885,Santander,Suratá,PRECIPITACION,Diaria,28/04/2022,17.3
23195200,CACHIRI  - AUT [23195200],7.473890,-72.991110,1885,Santander,Suratá,PRECIPITACION,Diaria,29/04/2022,2.3
23195200,CACHIRI  - AUT [23195200],7.473890,-72.991110,1885,Santander,Suratá,PRECIPITACION,Diaria,30/04/2022,35.5
23195200,CACHIRI  - AUT [23195200],7.473890,-72.991110,1885,Santander,Suratá,PRECIPITACION,Diaria,01/05/2022,7.1
23195200,CACHIRI  - AUT [23195200],7.473890,-72.991110,1885,Santander,Suratá,PRECIPITACION,Diaria,02/05/2022,0
23195200,CACHIRI  - AUT [23195200],7.473890,-72.991110,1885,Santander,Suratá,PRECIPITACION,Diaria,03/05/2022,0
23195200,CACHIRI  - AUT [23195200],7.473890,-72.991110,1885,Santander,Suratá,PRECIPITACION,Diaria,04/05/2022,0
23195200,CACHIRI  - AUT [23195200],7.473890,-72.991110,1885,Santander,Suratá,PRECIPITACION,Diaria,05/05/2022,0.8
23195200,CACHIRI  - AUT [23195200],7.473890,-72.991110,1885,Santander,Suratá,PRECIPITACION,Diaria,06/05/2022,28.4
23195200,CACHIRI  - AUT [23195200],7.473890,-72.991110,1885,Santander,Suratá,PRECIPITACION,Diaria,07/05/2022,20
23195200,CACHIRI  - AUT [23195200],7.473890,-72.991110,1885,Santander,Suratá,PRECIPITACION,Diaria,08/05/2022,0.8
23195200,CACHIRI  - AUT [23195200],7.473890,-72.991110,1885,Santander,Suratá,PRECIPITACION,Diaria,09/05/2022,5
23195200,CACHIRI  - AUT [23195200],7.473890,-72.991110,1885,Santander,Suratá,PRECIPITACION,Diaria,10/05/2022,53.8
23195200,CACHIRI  - AUT [23195200],7.473890,-72.991110,1885,Santander,Suratá,PRECIPITACION,Diaria,11/05/2022,7.4
23195200,CACHIRI  - AUT [23195200],7.473890,-72.991110,1885,Santander,Suratá,PRECIPITACION,Diaria,12/05/2022,3.5
23195200,CACHIRI  - AUT [23195200],7.473890,-72.991110,1885,Santander,Suratá,PRECIPITACION,Diaria,13/05/2022,0.5
23195200,CACHIRI  - AUT [23195200],7.473890,-72.991110,1885,Santander,Suratá,PRECIPITACION,Diaria,14/05/2022,1.7
23195200,CACHIRI  - AUT [23195200],7.473890,-72.991110,1885,Santander,Suratá,PRECIPITACION,Diaria,15/05/2022,0
23195200,CACHIRI  - AUT [23195200],7.473890,-72.991110,1885,Santander,Suratá,PRECIPITACION,Diaria,16/05/2022,0
23195200,CACHIRI  - AUT [23195200],7.473890,-72.991110,1885,Santander,Suratá,PRECIPITACION,Diaria,17/05/2022,0
23195200,CACHIRI  - AUT [23195200],7.473890,-72.991110,1885,Santander,Suratá,PRECIPITACION,Diaria,18/05/2022,5.6
23195200,CACHIRI  - AUT [23195200],7.473890,-72.991110,1885,Santander,Suratá,PRECIPITACION,Diaria,19/05/2022,0
23195200,CACHIRI  - AUT [23195200],7.473890,-72.991110,1885,Santander,Suratá,PRECIPITACION,Diaria,20/05/2022,0
23195200,CACHIRI  - AUT [23195200],7.473890,-72.991110,1885,Santander,Suratá,PRECIPITACION,Diaria,21/05/2022,0
23195200,CACHIRI  - AUT [23195200],7.473890,-72.991110,1885,Santander,Suratá,PRECIPITACION,Diaria,22/05/2022,0
23195200,CACHIRI  - AUT [23195200],7.473890,-72.991110,1885,Santander,Suratá,PRECIPITACION,Diaria,23/05/2022,4.4
23195200,CACHIRI  - AUT [23195200],7.473890,-72.991110,1885,Santander,Suratá,PRECIPITACION,Diaria,24/05/2022,1.7
23195200,CACHIRI  - AUT [23195200],7.473890,-72.991110,1885,Santander,Suratá,PRECIPITACION,Diaria,25/05/2022,0
23195200,CACHIRI  - AUT [23195200],7.473890,-72.991110,1885,Santander,Suratá,PRECIPITACION,Diaria,26/05/2022,0
23195200,CACHIRI  - AUT [23195200],7.473890,-72.991110,1885,Santander,Suratá,PRECIPITACION,Diaria,27/05/2022,0
23195200,CACHIRI  - AUT [23195200],7.473890,-72.991110,1885,Santander,Suratá,PRECIPITACION,Diaria,28/05/2022,0
23195200,CACHIRI  - AUT [23195200],7.473890,-72.991110,1885,Santander,Suratá,PRECIPITACION,Diaria,29/05/2022,0
23195200,CACHIRI  - AUT [23195200],7.473890,-72.991110,1885,Santander,Suratá,PRECIPITACION,Diaria,30/05/2022,0
23195200,CACHIRI  - AUT [23195200],7.473890,-72.991110,1885,Santander,Suratá,PRECIPITACION,Diaria,31/05/2022,3.4
23195200,CACHIRI  - AUT [23195200],7.473890,-72.991110,1885,Santander,Suratá,PRECIPITACION,Diaria,01/06/2022,0
23195200,CACHIRI  - AUT [23195200],7.473890,-72.991110,1885,Santander,Suratá,PRECIPITACION,Diaria,02/06/2022,0
23195200,CACHIRI  - AUT [23195200],7.473890,-72.991110,1885,Santander,Suratá,PRECIPITACION,Diaria,03/06/2022,1.4
23195200,CACHIRI  - AUT [23195200],7.473890,-72.991110,1885,Santander,Suratá,PRECIPITACION,Diaria,04/06/2022,4.2
23195200,CACHIRI  - AUT [23195200],7.473890,-72.991110,1885,Santander,Suratá,PRECIPITACION,Diaria,05/06/2022,0.5
23195200,CACHIRI  - AUT [23195200],7.473890,-72.991110,1885,Santander,Suratá,PRECIPITACION,Diaria,06/06/2022,1.2
23195200,CACHIRI  - AUT [23195200],7.473890,-72.991110,1885,Santander,Suratá,PRECIPITACION,Diaria,07/06/2022,3.4
23195200,CACHIRI  - AUT [23195200],7.473890,-72.991110,1885,Santander,Suratá,PRECIPITACION,Diaria,08/06/2022,0
23195200,CACHIRI  - AUT [23195200],7.473890,-72.991110,1885,Santander,Suratá,PRECIPITACION,Diaria,09/06/2022,0
23195200,CACHIRI  - AUT [23195200],7.473890,-72.991110,1885,Santander,Suratá,PRECIPITACION,Diaria,10/06/2022,4.2
23195200,CACHIRI  - AUT [23195200],7.473890,-72.991110,1885,Santander,Suratá,PRECIPITACION,Diaria,11/06/2022,0
23195200,CACHIRI  - AUT [23195200],7.473890,-72.991110,1885,Santander,Suratá,PRECIPITACION,Diaria,12/06/2022,6.6
23195200,CACHIRI  - AUT [23195200],7.473890,-72.991110,1885,Santander,Suratá,PRECIPITACION,Diaria,13/06/2022,0.4
23195200,CACHIRI  - AUT [23195200],7.473890,-72.991110,1885,Santander,Suratá,PRECIPITACION,Diaria,14/06/2022,2.9
23195200,CACHIRI  - AUT [23195200],7.473890,-72.991110,1885,Santander,Suratá,PRECIPITACION,Diaria,15/06/2022,1.5
23195200,CACHIRI  - AUT [23195200],7.473890,-72.991110,1885,Santander,Suratá,PRECIPITACION,Diaria,16/06/2022,1.5
23195200,CACHIRI  - AUT [23195200],7.473890,-72.991110,1885,Santander,Suratá,PRECIPITACION,Diaria,17/06/2022,0.8
23195200,CACHIRI  - AUT [23195200],7.473890,-72.991110,1885,Santander,Suratá,PRECIPITACION,Diaria,18/06/2022,0.6
23195200,CACHIRI  - AUT [23195200],7.473890,-72.991110,1885,Santander,Suratá,PRECIPITACION,Diaria,19/06/2022,5.4
23195200,CACHIRI  - AUT [23195200],7.473890,-72.991110,1885,Santander,Suratá,PRECIPITACION,Diaria,20/06/2022,8.4
23195200,CACHIRI  - AUT [23195200],7.473890,-72.991110,1885,Santander,Suratá,PRECIPITACION,Diaria,21/06/2022,0.6
23195200,CACHIRI  - AUT [23195200],7.473890,-72.991110,1885,Santander,Suratá,PRECIPITACION,Diaria,22/06/2022,0.4
23195200,CACHIRI  - AUT [23195200],7.473890,-72.991110,1885,Santander,Suratá,PRECIPITACION,Diaria,23/06/2022,2
23195200,CACHIRI  - AUT [23195200],7.473890,-72.991110,1885,Santander,Suratá,PRECIPITACION,Diaria,24/06/2022,0.4
23195200,CACHIRI  - AUT [23195200],7.473890,-72.991110,1885,Santander,Suratá,PRECIPITACION,Diaria,25/06/2022,0.4
23195200,CACHIRI  - AUT [23195200],7.473890,-72.991110,1885,Santander,Suratá,PRECIPITACION,Diaria,26/06/2022,0.3
23195200,CACHIRI  - AUT [23195200],7.473890,-72.991110,1885,Santander,Suratá,PRECIPITACION,Diaria,27/06/2022,1.5
23195200,CACHIRI  - AUT [23195200],7.473890,-72.991110,1885,Santander,Suratá,PRECIPITACION,Diaria,28/06/2022,7.2
23195200,CACHIRI  - AUT [23195200],7.473890,-72.991110,1885,Santander,Suratá,PRECIPITACION,Diaria,29/06/2022,4.6
23195200,CACHIRI  - AUT [23195200],7.473890,-72.991110,1885,Santander,Suratá,PRECIPITACION,Diaria,30/06/2022,0.8
23195200,CACHIRI  - AUT [23195200],7.473890,-72.991110,1885,Santander,Suratá,PRECIPITACION,Diaria,01/07/2022,6.6
23195200,CACHIRI  - AUT [23195200],7.473890,-72.991110,1885,Santander,Suratá,PRECIPITACION,Diaria,02/07/2022,0
23195200,CACHIRI  - AUT [23195200],7.473890,-72.991110,1885,Santander,Suratá,PRECIPITACION,Diaria,03/07/2022,0
23195200,CACHIRI  - AUT [23195200],7.473890,-72.991110,1885,Santander,Suratá,PRECIPITACION,Diaria,04/07/2022,0
23195200,CACHIRI  - AUT [23195200],7.473890,-72.991110,1885,Santander,Suratá,PRECIPITACION,Diaria,05/07/2022,0
23195200,CACHIRI  - AUT [23195200],7.473890,-72.991110,1885,Santander,Suratá,PRECIPITACION,Diaria,06/07/2022,0
23195200,CACHIRI  - AUT [23195200],7.473890,-72.991110,1885,Santander,Suratá,PRECIPITACION,Diaria,07/07/2022,0
23195200,CACHIRI  - AUT [23195200],7.473890,-72.991110,1885,Santander,Suratá,PRECIPITACION,Diaria,08/07/2022,0
23195200,CACHIRI  - AUT [23195200],7.473890,-72.991110,1885,Santander,Suratá,PRECIPITACION,Diaria,09/07/2022,0
23195200,CACHIRI  - AUT [23195200],7.473890,-72.991110,1885,Santander,Suratá,PRECIPITACION,Diaria,10/07/2022,0
23195200,CACHIRI  - AUT [23195200],7.473890,-72.991110,1885,Santander,Suratá,PRECIPITACION,Diaria,11/07/2022,3.2
23195200,CACHIRI  - AUT [23195200],7.473890,-72.991110,1885,Santander,Suratá,PRECIPITACION,Diaria,12/07/2022,0
23195200,CACHIRI  - AUT [23195200],7.473890,-72.991110,1885,Santander,Suratá,PRECIPITACION,Diaria,13/07/2022,0
23195200,CACHIRI  - AUT [23195200],7.473890,-72.991110,1885,Santander,Suratá,PRECIPITACION,Diaria,14/07/2022,0
23195200,CACHIRI  - AUT [23195200],7.473890,-72.991110,1885,Santander,Suratá,PRECIPITACION,Diaria,15/07/2022,0
23195200,CACHIRI  - AUT [23195200],7.473890,-72.991110,1885,Santander,Suratá,PRECIPITACION,Diaria,16/07/2022,0
23195200,CACHIRI  - AUT [23195200],7.473890,-72.991110,1885,Santander,Suratá,PRECIPITACION,Diaria,17/07/2022,3.8
23195200,CACHIRI  - AUT [23195200],7.473890,-72.991110,1885,Santander,Suratá,PRECIPITACION,Diaria,18/07/2022,19.8
23195200,CACHIRI  - AUT [23195200],7.473890,-72.991110,1885,Santander,Suratá,PRECIPITACION,Diaria,19/07/2022,0.9
23195200,CACHIRI  - AUT [23195200],7.473890,-72.991110,1885,Santander,Suratá,PRECIPITACION,Diaria,20/07/2022,1.5
23195200,CACHIRI  - AUT [23195200],7.473890,-72.991110,1885,Santander,Suratá,PRECIPITACION,Diaria,21/07/2022,1
23195200,CACHIRI  - AUT [23195200],7.473890,-72.991110,1885,Santander,Suratá,PRECIPITACION,Diaria,22/07/2022,0
23195200,CACHIRI  - AUT [23195200],7.473890,-72.991110,1885,Santander,Suratá,PRECIPITACION,Diaria,23/07/2022,0
23195200,CACHIRI  - AUT [23195200],7.473890,-72.991110,1885,Santander,Suratá,PRECIPITACION,Diaria,24/07/2022,0
23195200,CACHIRI  - AUT [23195200],7.473890,-72.991110,1885,Santander,Suratá,PRECIPITACION,Diaria,25/07/2022,2.5
23195200,CACHIRI  - AUT [23195200],7.473890,-72.991110,1885,Santander,Suratá,PRECIPITACION,Diaria,26/07/2022,1.4
23195200,CACHIRI  - AUT [23195200],7.473890,-72.991110,1885,Santander,Suratá,PRECIPITACION,Diaria,27/07/2022,7.6
23195200,CACHIRI  - AUT [23195200],7.473890,-72.991110,1885,Santander,Suratá,PRECIPITACION,Diaria,28/07/2022,14.8
23195200,CACHIRI  - AUT [23195200],7.473890,-72.991110,1885,Santander,Suratá,PRECIPITACION,Diaria,29/07/2022,0
23195200,CACHIRI  - AUT [23195200],7.473890,-72.991110,1885,Santander,Suratá,PRECIPITACION,Diaria,30/07/2022,0
23195200,CACHIRI  - AUT [23195200],7.473890,-72.991110,1885,Santander,Suratá,PRECIPITACION,Diaria,31/07/2022,0
23195200,CACHIRI  - AUT [23195200],7.473890,-72.991110,1885,Santander,Suratá,PRECIPITACION,Diaria,01/08/2022,0
23195200,CACHIRI  - AUT [23195200],7.473890,-72.991110,1885,Santander,Suratá,PRECIPITACION,Diaria,02/08/2022,0
23195200,CACHIRI  - AUT [23195200],7.473890,-72.991110,1885,Santander,Suratá,PRECIPITACION,Diaria,03/08/2022,3.6
23195200,CACHIRI  - AUT [23195200],7.473890,-72.991110,1885,Santander,Suratá,PRECIPITACION,Diaria,04/08/2022,0
23195200,CACHIRI  - AUT [23195200],7.473890,-72.991110,1885,Santander,Suratá,PRECIPITACION,Diaria,05/08/2022,0
23195200,CACHIRI  - AUT [23195200],7.473890,-72.991110,1885,Santander,Suratá,PRECIPITACION,Diaria,06/08/2022,60
23195200,CACHIRI  - AUT [23195200],7.473890,-72.991110,1885,Santander,Suratá,PRECIPITACION,Diaria,07/08/2022,0
23195200,CACHIRI  - AUT [23195200],7.473890,-72.991110,1885,Santander,Suratá,PRECIPITACION,Diaria,08/08/2022,0
23195200,CACHIRI  - AUT [23195200],7.473890,-72.991110,1885,Santander,Suratá,PRECIPITACION,Diaria,09/08/2022,0
23195200,CACHIRI  - AUT [23195200],7.473890,-72.991110,1885,Santander,Suratá,PRECIPITACION,Diaria,10/08/2022,17.7
23195200,CACHIRI  - AUT [23195200],7.473890,-72.991110,1885,Santander,Suratá,PRECIPITACION,Diaria,11/08/2022,0
23195200,CACHIRI  - AUT [23195200],7.473890,-72.991110,1885,Santander,Suratá,PRECIPITACION,Diaria,12/08/2022,0
23195200,CACHIRI  - AUT [23195200],7.473890,-72.991110,1885,Santander,Suratá,PRECIPITACION,Diaria,13/08/2022,6.4
23195200,CACHIRI  - AUT [23195200],7.473890,-72.991110,1885,Santander,Suratá,PRECIPITACION,Diaria,14/08/2022,9.9
23195200,CACHIRI  - AUT [23195200],7.473890,-72.991110,1885,Santander,Suratá,PRECIPITACION,Diaria,15/08/2022,0
23195200,CACHIRI  - AUT [23195200],7.473890,-72.991110,1885,Santander,Suratá,PRECIPITACION,Diaria,16/08/2022,11.5
23195200,CACHIRI  - AUT [23195200],7.473890,-72.991110,1885,Santander,Suratá,PRECIPITACION,Diaria,17/08/2022,0
23195200,CACHIRI  - AUT [23195200],7.473890,-72.991110,1885,Santander,Suratá,PRECIPITACION,Diaria,18/08/2022,0
23195200,CACHIRI  - AUT [23195200],7.473890,-72.991110,1885,Santander,Suratá,PRECIPITACION,Diaria,19/08/2022,0
23195200,CACHIRI  - AUT [23195200],7.473890,-72.991110,1885,Santander,Suratá,PRECIPITACION,Diaria,20/08/2022,24.3
23195200,CACHIRI  - AUT [23195200],7.473890,-72.991110,1885,Santander,Suratá,PRECIPITACION,Diaria,21/08/2022,5.3
23195200,CACHIRI  - AUT [23195200],7.473890,-72.991110,1885,Santander,Suratá,PRECIPITACION,Diaria,22/08/2022,9.4
23195200,CACHIRI  - AUT [23195200],7.473890,-72.991110,1885,Santander,Suratá,PRECIPITACION,Diaria,23/08/2022,0.7
23195200,CACHIRI  - AUT [23195200],7.473890,-72.991110,1885,Santander,Suratá,PRECIPITACION,Diaria,24/08/2022,0
23195200,CACHIRI  - AUT [23195200],7.473890,-72.991110,1885,Santander,Suratá,PRECIPITACION,Diaria,25/08/2022,0
23195200,CACHIRI  - AUT [23195200],7.473890,-72.991110,1885,Santander,Suratá,PRECIPITACION,Diaria,26/08/2022,4.5
23195200,CACHIRI  - AUT [23195200],7.473890,-72.991110,1885,Santander,Suratá,PRECIPITACION,Diaria,27/08/2022,8.5
23195200,CACHIRI  - AUT [23195200],7.473890,-72.991110,1885,Santander,Suratá,PRECIPITACION,Diaria,28/08/2022,2.4
23195200,CACHIRI  - AUT [23195200],7.473890,-72.991110,1885,Santander,Suratá,PRECIPITACION,Diaria,29/08/2022,0.8
23195200,CACHIRI  - AUT [23195200],7.473890,-72.991110,1885,Santander,Suratá,PRECIPITACION,Diaria,30/08/2022,0
23195200,CACHIRI  - AUT [23195200],7.473890,-72.991110,1885,Santander,Suratá,PRECIPITACION,Diaria,31/08/2022,0
23195200,CACHIRI  - AUT [23195200],7.473890,-72.991110,1885,Santander,Suratá,PRECIPITACION,Diaria,01/09/2022,0.9
23195200,CACHIRI  - AUT [23195200],7.473890,-72.991110,1885,Santander,Suratá,PRECIPITACION,Diaria,02/09/2022,0
23195200,CACHIRI  - AUT [23195200],7.473890,-72.991110,1885,Santander,Suratá,PRECIPITACION,Diaria,03/09/2022,6.9
23195200,CACHIRI  - AUT [23195200],7.473890,-72.991110,1885,Santander,Suratá,PRECIPITACION,Diaria,04/09/2022,13.5
23195200,CACHIRI  - AUT [23195200],7.473890,-72.991110,1885,Santander,Suratá,PRECIPITACION,Diaria,05/09/2022,12.5
23195200,CACHIRI  - AUT [23195200],7.473890,-72.991110,1885,Santander,Suratá,PRECIPITACION,Diaria,07/09/2022,4.4
23195200,CACHIRI  - AUT [23195200],7.473890,-72.991110,1885,Santander,Suratá,PRECIPITACION,Diaria,08/09/2022,7.8
23195200,CACHIRI  - AUT [23195200],7.473890,-72.991110,1885,Santander,Suratá,PRECIPITACION,Diaria,09/09/2022,0.5
23195200,CACHIRI  - AUT [23195200],7.473890,-72.991110,1885,Santander,Suratá,PRECIPITACION,Diaria,10/09/2022,0.6
23195200,CACHIRI  - AUT [23195200],7.473890,-72.991110,1885,Santander,Suratá,PRECIPITACION,Diaria,11/09/2022,0.4
23195200,CACHIRI  - AUT [23195200],7.473890,-72.991110,1885,Santander,Suratá,PRECIPITACION,Diaria,12/09/2022,5.4
23195200,CACHIRI  - AUT [23195200],7.473890,-72.991110,1885,Santander,Suratá,PRECIPITACION,Diaria,13/09/2022,11.4
23195200,CACHIRI  - AUT [23195200],7.473890,-72.991110,1885,Santander,Suratá,PRECIPITACION,Diaria,14/09/2022,24.5
23195200,CACHIRI  - AUT [23195200],7.473890,-72.991110,1885,Santander,Suratá,PRECIPITACION,Diaria,15/09/2022,1
23195200,CACHIRI  - AUT [23195200],7.473890,-72.991110,1885,Santander,Suratá,PRECIPITACION,Diaria,16/09/2022,11.8
23195200,CACHIRI  - AUT [23195200],7.473890,-72.991110,1885,Santander,Suratá,PRECIPITACION,Diaria,17/09/2022,0.8
23195200,CACHIRI  - AUT [23195200],7.473890,-72.991110,1885,Santander,Suratá,PRECIPITACION,Diaria,18/09/2022,7.4
23195200,CACHIRI  - AUT [23195200],7.473890,-72.991110,1885,Santander,Suratá,PRECIPITACION,Diaria,19/09/2022,3.9
23195200,CACHIRI  - AUT [23195200],7.473890,-72.991110,1885,Santander,Suratá,PRECIPITACION,Diaria,20/09/2022,15.4
23195200,CACHIRI  - AUT [23195200],7.473890,-72.991110,1885,Santander,Suratá,PRECIPITACION,Diaria,21/09/2022,21.6
23195200,CACHIRI  - AUT [23195200],7.473890,-72.991110,1885,Santander,Suratá,PRECIPITACION,Diaria,22/09/2022,10.8
23195200,CACHIRI  - AUT [23195200],7.473890,-72.991110,1885,Santander,Suratá,PRECIPITACION,Diaria,23/09/2022,4.8
23195200,CACHIRI  - AUT [23195200],7.473890,-72.991110,1885,Santander,Suratá,PRECIPITACION,Diaria,24/09/2022,28
23195200,CACHIRI  - AUT [23195200],7.473890,-72.991110,1885,Santander,Suratá,PRECIPITACION,Diaria,25/09/2022,1
23195200,CACHIRI  - AUT [23195200],7.473890,-72.991110,1885,Santander,Suratá,PRECIPITACION,Diaria,26/09/2022,1.1
23195200,CACHIRI  - AUT [23195200],7.473890,-72.991110,1885,Santander,Suratá,PRECIPITACION,Diaria,27/09/2022,5.2
23195200,CACHIRI  - AUT [23195200],7.473890,-72.991110,1885,Santander,Suratá,PRECIPITACION,Diaria,28/09/2022,2.3
23195200,CACHIRI  - AUT [23195200],7.473890,-72.991110,1885,Santander,Suratá,PRECIPITACION,Diaria,29/09/2022,1.9
23195200,CACHIRI  - AUT [23195200],7.473890,-72.991110,1885,Santander,Suratá,PRECIPITACION,Diaria,30/09/2022,36.2
23195200,CACHIRI  - AUT [23195200],7.473890,-72.991110,1885,Santander,Suratá,PRECIPITACION,Diaria,01/10/2022,16.6
23195200,CACHIRI  - AUT [23195200],7.473890,-72.991110,1885,Santander,Suratá,PRECIPITACION,Diaria,02/10/2022,0
23195200,CACHIRI  - AUT [23195200],7.473890,-72.991110,1885,Santander,Suratá,PRECIPITACION,Diaria,03/10/2022,0.3
23195200,CACHIRI  - AUT [23195200],7.473890,-72.991110,1885,Santander,Suratá,PRECIPITACION,Diaria,04/10/2022,9.5
23195200,CACHIRI  - AUT [23195200],7.473890,-72.991110,1885,Santander,Suratá,PRECIPITACION,Diaria,05/10/2022,15.4
23195200,CACHIRI  - AUT [23195200],7.473890,-72.991110,1885,Santander,Suratá,PRECIPITACION,Diaria,06/10/2022,2.8
23195200,CACHIRI  - AUT [23195200],7.473890,-72.991110,1885,Santander,Suratá,PRECIPITACION,Diaria,07/10/2022,29.6
23195200,CACHIRI  - AUT [23195200],7.473890,-72.991110,1885,Santander,Suratá,PRECIPITACION,Diaria,08/10/2022,0.8
23195200,CACHIRI  - AUT [23195200],7.473890,-72.991110,1885,Santander,Suratá,PRECIPITACION,Diaria,09/10/2022,6.6
23195200,CACHIRI  - AUT [23195200],7.473890,-72.991110,1885,Santander,Suratá,PRECIPITACION,Diaria,10/10/2022,7.8
23195200,CACHIRI  - AUT [23195200],7.473890,-72.991110,1885,Santander,Suratá,PRECIPITACION,Diaria,11/10/2022,0.5
23195200,CACHIRI  - AUT [23195200],7.473890,-72.991110,1885,Santander,Suratá,PRECIPITACION,Diaria,12/10/2022,1.5
23195200,CACHIRI  - AUT [23195200],7.473890,-72.991110,1885,Santander,Suratá,PRECIPITACION,Diaria,13/10/2022,11
23195200,CACHIRI  - AUT [23195200],7.473890,-72.991110,1885,Santander,Suratá,PRECIPITACION,Diaria,14/10/2022,3.5
23195200,CACHIRI  - AUT [23195200],7.473890,-72.991110,1885,Santander,Suratá,PRECIPITACION,Diaria,15/10/2022,0
23195200,CACHIRI  - AUT [23195200],7.473890,-72.991110,1885,Santander,Suratá,PRECIPITACION,Diaria,16/10/2022,10.7
23195200,CACHIRI  - AUT [23195200],7.473890,-72.991110,1885,Santander,Suratá,PRECIPITACION,Diaria,17/10/2022,22.6
23195200,CACHIRI  - AUT [23195200],7.473890,-72.991110,1885,Santander,Suratá,PRECIPITACION,Diaria,18/10/2022,8.4
23195200,CACHIRI  - AUT [23195200],7.473890,-72.991110,1885,Santander,Suratá,PRECIPITACION,Diaria,19/10/2022,7.6
23195200,CACHIRI  - AUT [23195200],7.473890,-72.991110,1885,Santander,Suratá,PRECIPITACION,Diaria,20/10/2022,4.6
23195200,CACHIRI  - AUT [23195200],7.473890,-72.991110,1885,Santander,Suratá,PRECIPITACION,Diaria,21/10/2022,3
23195200,CACHIRI  - AUT [23195200],7.473890,-72.991110,1885,Santander,Suratá,PRECIPITACION,Diaria,22/10/2022,10.5
23195200,CACHIRI  - AUT [23195200],7.473890,-72.991110,1885,Santander,Suratá,PRECIPITACION,Diaria,23/10/2022,1.8
23195200,CACHIRI  - AUT [23195200],7.473890,-72.991110,1885,Santander,Suratá,PRECIPITACION,Diaria,24/10/2022,1
23195200,CACHIRI  - AUT [23195200],7.473890,-72.991110,1885,Santander,Suratá,PRECIPITACION,Diaria,25/10/2022,0.5
23195200,CACHIRI  - AUT [23195200],7.473890,-72.991110,1885,Santander,Suratá,PRECIPITACION,Diaria,26/10/2022,9.9
23195200,CACHIRI  - AUT [23195200],7.473890,-72.991110,1885,Santander,Suratá,PRECIPITACION,Diaria,27/10/2022,19
23195200,CACHIRI  - AUT [23195200],7.473890,-72.991110,1885,Santander,Suratá,PRECIPITACION,Diaria,28/10/2022,6.6
23195200,CACHIRI  - AUT [23195200],7.473890,-72.991110,1885,Santander,Suratá,PRECIPITACION,Diaria,29/10/2022,0
23195200,CACHIRI  - AUT [23195200],7.473890,-72.991110,1885,Santander,Suratá,PRECIPITACION,Diaria,30/10/2022,0
23195200,CACHIRI  - AUT [23195200],7.473890,-72.991110,1885,Santander,Suratá,PRECIPITACION,Diaria,31/10/2022,2
23195200,CACHIRI  - AUT [23195200],7.473890,-72.991110,1885,Santander,Suratá,PRECIPITACION,Diaria,01/11/2022,1.2
23195200,CACHIRI  - AUT [23195200],7.473890,-72.991110,1885,Santander,Suratá,PRECIPITACION,Diaria,02/11/2022,1.8
23195200,CACHIRI  - AUT [23195200],7.473890,-72.991110,1885,Santander,Suratá,PRECIPITACION,Diaria,03/11/2022,15.8
23195200,CACHIRI  - AUT [23195200],7.473890,-72.991110,1885,Santander,Suratá,PRECIPITACION,Diaria,04/11/2022,15.8
23195200,CACHIRI  - AUT [23195200],7.473890,-72.991110,1885,Santander,Suratá,PRECIPITACION,Diaria,05/11/2022,7.2
23195200,CACHIRI  - AUT [23195200],7.473890,-72.991110,1885,Santander,Suratá,PRECIPITACION,Diaria,06/11/2022,1.3
23195200,CACHIRI  - AUT [23195200],7.473890,-72.991110,1885,Santander,Suratá,PRECIPITACION,Diaria,07/11/2022,21
23195200,CACHIRI  - AUT [23195200],7.473890,-72.991110,1885,Santander,Suratá,PRECIPITACION,Diaria,08/11/2022,18
23195200,CACHIRI  - AUT [23195200],7.473890,-72.991110,1885,Santander,Suratá,PRECIPITACION,Diaria,09/11/2022,24
23195200,CACHIRI  - AUT [23195200],7.473890,-72.991110,1885,Santander,Suratá,PRECIPITACION,Diaria,10/11/2022,3
23195200,CACHIRI  - AUT [23195200],7.473890,-72.991110,1885,Santander,Suratá,PRECIPITACION,Diaria,11/11/2022,8.9
23195200,CACHIRI  - AUT [23195200],7.473890,-72.991110,1885,Santander,Suratá,PRECIPITACION,Diaria,12/11/2022,42.5
23195200,CACHIRI  - AUT [23195200],7.473890,-72.991110,1885,Santander,Suratá,PRECIPITACION,Diaria,13/11/2022,14.5
23195200,CACHIRI  - AUT [23195200],7.473890,-72.991110,1885,Santander,Suratá,PRECIPITACION,Diaria,14/11/2022,6.6
23195200,CACHIRI  - AUT [23195200],7.473890,-72.991110,1885,Santander,Suratá,PRECIPITACION,Diaria,15/11/2022,0
23195200,CACHIRI  - AUT [23195200],7.473890,-72.991110,1885,Santander,Suratá,PRECIPITACION,Diaria,16/11/2022,0
23195200,CACHIRI  - AUT [23195200],7.473890,-72.991110,1885,Santander,Suratá,PRECIPITACION,Diaria,17/11/2022,0
23195200,CACHIRI  - AUT [23195200],7.473890,-72.991110,1885,Santander,Suratá,PRECIPITACION,Diaria,18/11/2022,19.5
23195200,CACHIRI  - AUT [23195200],7.473890,-72.991110,1885,Santander,Suratá,PRECIPITACION,Diaria,19/11/2022,1.4
23195200,CACHIRI  - AUT [23195200],7.473890,-72.991110,1885,Santander,Suratá,PRECIPITACION,Diaria,20/11/2022,0.8
23195200,CACHIRI  - AUT [23195200],7.473890,-72.991110,1885,Santander,Suratá,PRECIPITACION,Diaria,21/11/2022,0
23195200,CACHIRI  - AUT [23195200],7.473890,-72.991110,1885,Santander,Suratá,PRECIPITACION,Diaria,22/11/2022,0
23195200,CACHIRI  - AUT [23195200],7.473890,-72.991110,1885,Santander,Suratá,PRECIPITACION,Diaria,23/11/2022,0
23195200,CACHIRI  - AUT [23195200],7.473890,-72.991110,1885,Santander,Suratá,PRECIPITACION,Diaria,24/11/2022,0
23195200,CACHIRI  - AUT [23195200],7.473890,-72.991110,1885,Santander,Suratá,PRECIPITACION,Diaria,25/11/2022,0
23195200,CACHIRI  - AUT [23195200],7.473890,-72.991110,1885,Santander,Suratá,PRECIPITACION,Diaria,26/11/2022,1.8
23195200,CACHIRI  - AUT [23195200],7.473890,-72.991110,1885,Santander,Suratá,PRECIPITACION,Diaria,27/11/2022,11.3
23195200,CACHIRI  - AUT [23195200],7.473890,-72.991110,1885,Santander,Suratá,PRECIPITACION,Diaria,28/11/2022,5.7
23195200,CACHIRI  - AUT [23195200],7.473890,-72.991110,1885,Santander,Suratá,PRECIPITACION,Diaria,29/11/2022,0.5
23195200,CACHIRI  - AUT [23195200],7.473890,-72.991110,1885,Santander,Suratá,PRECIPITACION,Diaria,30/11/2022,0
23195200,CACHIRI  - AUT [23195200],7.473890,-72.991110,1885,Santander,Suratá,PRECIPITACION,Diaria,01/12/2022,0
23195200,CACHIRI  - AUT [23195200],7.473890,-72.991110,1885,Santander,Suratá,PRECIPITACION,Diaria,02/12/2022,0
23195200,CACHIRI  - AUT [23195200],7.473890,-72.991110,1885,Santander,Suratá,PRECIPITACION,Diaria,03/12/2022,0
23195200,CACHIRI  - AUT [23195200],7.473890,-72.991110,1885,Santander,Suratá,PRECIPITACION,Diaria,04/12/2022,0
23195200,CACHIRI  - AUT [23195200],7.473890,-72.991110,1885,Santander,Suratá,PRECIPITACION,Diaria,05/12/2022,0
23195200,CACHIRI  - AUT [23195200],7.473890,-72.991110,1885,Santander,Suratá,PRECIPITACION,Diaria,06/12/2022,0
23195200,CACHIRI  - AUT [23195200],7.473890,-72.991110,1885,Santander,Suratá,PRECIPITACION,Diaria,07/12/2022,0
23195200,CACHIRI  - AUT [23195200],7.473890,-72.991110,1885,Santander,Suratá,PRECIPITACION,Diaria,08/12/2022,0
23195200,CACHIRI  - AUT [23195200],7.473890,-72.991110,1885,Santander,Suratá,PRECIPITACION,Diaria,09/12/2022,0
23195200,CACHIRI  - AUT [23195200],7.473890,-72.991110,1885,Santander,Suratá,PRECIPITACION,Diaria,10/12/2022,0
23195200,CACHIRI  - AUT [23195200],7.473890,-72.991110,1885,Santander,Suratá,PRECIPITACION,Diaria,11/12/2022,0
23195200,CACHIRI  - AUT [23195200],7.473890,-72.991110,1885,Santander,Suratá,PRECIPITACION,Diaria,12/12/2022,0
23195200,CACHIRI  - AUT [23195200],7.473890,-72.991110,1885,Santander,Suratá,PRECIPITACION,Diaria,13/12/2022,1.9
23195200,CACHIRI  - AUT [23195200],7.473890,-72.991110,1885,Santander,Suratá,PRECIPITACION,Diaria,14/12/2022,3
23195200,CACHIRI  - AUT [23195200],7.473890,-72.991110,1885,Santander,Suratá,PRECIPITACION,Diaria,15/12/2022,0
23195200,CACHIRI  - AUT [23195200],7.473890,-72.991110,1885,Santander,Suratá,PRECIPITACION,Diaria,16/12/2022,0
23195200,CACHIRI  - AUT [23195200],7.473890,-72.991110,1885,Santander,Suratá,PRECIPITACION,Diaria,17/12/2022,0
23195200,CACHIRI  - AUT [23195200],7.473890,-72.991110,1885,Santander,Suratá,PRECIPITACION,Diaria,18/12/2022,0
23195200,CACHIRI  - AUT [23195200],7.473890,-72.991110,1885,Santander,Suratá,PRECIPITACION,Diaria,19/12/2022,0
23195200,CACHIRI  - AUT [23195200],7.473890,-72.991110,1885,Santander,Suratá,PRECIPITACION,Diaria,20/12/2022,0
23195200,CACHIRI  - AUT [23195200],7.473890,-72.991110,1885,Santander,Suratá,PRECIPITACION,Diaria,21/12/2022,0
23195200,CACHIRI  - AUT [23195200],7.473890,-72.991110,1885,Santander,Suratá,PRECIPITACION,Diaria,22/12/2022,0
23195200,CACHIRI  - AUT [23195200],7.473890,-72.991110,1885,Santander,Suratá,PRECIPITACION,Diaria,23/12/2022,0
23195200,CACHIRI  - AUT [23195200],7.473890,-72.991110,1885,Santander,Suratá,PRECIPITACION,Diaria,24/12/2022,0
23195200,CACHIRI  - AUT [23195200],7.473890,-72.991110,1885,Santander,Suratá,PRECIPITACION,Diaria,25/12/2022,0
23195200,CACHIRI  - AUT [23195200],7.473890,-72.991110,1885,Santander,Suratá,PRECIPITACION,Diaria,26/12/2022,0
23195200,CACHIRI  - AUT [23195200],7.473890,-72.991110,1885,Santander,Suratá,PRECIPITACION,Diaria,27/12/2022,0
23195200,CACHIRI  - AUT [23195200],7.473890,-72.991110,1885,Santander,Suratá,PRECIPITACION,Diaria,28/12/2022,0
23195200,CACHIRI  - AUT [23195200],7.473890,-72.991110,1885,Santander,Suratá,PRECIPITACION,Diaria,29/12/2022,0
23195200,CACHIRI  - AUT [23195200],7.473890,-72.991110,1885,Santander,Suratá,PRECIPITACION,Diaria,30/12/2022,0
23195200,CACHIRI  - AUT [23195200],7.473890,-72.991110,1885,Santander,Suratá,PRECIPITACION,Diaria,31/12/2022,0
23125040,CAMPO CAPOTE [23125040],6.6161111110,-73.92055556,180,Santander,Puerto Parra,PRECIPITACION,Diaria,01/01/2022,0
23125040,CAMPO CAPOTE [23125040],6.6161111110,-73.92055556,180,Santander,Puerto Parra,PRECIPITACION,Diaria,02/01/2022,0
23125040,CAMPO CAPOTE [23125040],6.6161111110,-73.92055556,180,Santander,Puerto Parra,PRECIPITACION,Diaria,03/01/2022,38
23125040,CAMPO CAPOTE [23125040],6.6161111110,-73.92055556,180,Santander,Puerto Parra,PRECIPITACION,Diaria,04/01/2022,0
23125040,CAMPO CAPOTE [23125040],6.6161111110,-73.92055556,180,Santander,Puerto Parra,PRECIPITACION,Diaria,05/01/2022,0
23125040,CAMPO CAPOTE [23125040],6.6161111110,-73.92055556,180,Santander,Puerto Parra,PRECIPITACION,Diaria,06/01/2022,0
23125040,CAMPO CAPOTE [23125040],6.6161111110,-73.92055556,180,Santander,Puerto Parra,PRECIPITACION,Diaria,07/01/2022,0
23125040,CAMPO CAPOTE [23125040],6.6161111110,-73.92055556,180,Santander,Puerto Parra,PRECIPITACION,Diaria,08/01/2022,0
23125040,CAMPO CAPOTE [23125040],6.6161111110,-73.92055556,180,Santander,Puerto Parra,PRECIPITACION,Diaria,09/01/2022,0
23125040,CAMPO CAPOTE [23125040],6.6161111110,-73.92055556,180,Santander,Puerto Parra,PRECIPITACION,Diaria,10/01/2022,0
23125040,CAMPO CAPOTE [23125040],6.6161111110,-73.92055556,180,Santander,Puerto Parra,PRECIPITACION,Diaria,11/01/2022,0
23125040,CAMPO CAPOTE [23125040],6.6161111110,-73.92055556,180,Santander,Puerto Parra,PRECIPITACION,Diaria,12/01/2022,0
23125040,CAMPO CAPOTE [23125040],6.6161111110,-73.92055556,180,Santander,Puerto Parra,PRECIPITACION,Diaria,13/01/2022,2
23125040,CAMPO CAPOTE [23125040],6.6161111110,-73.92055556,180,Santander,Puerto Parra,PRECIPITACION,Diaria,14/01/2022,0
23125040,CAMPO CAPOTE [23125040],6.6161111110,-73.92055556,180,Santander,Puerto Parra,PRECIPITACION,Diaria,15/01/2022,0
23125040,CAMPO CAPOTE [23125040],6.6161111110,-73.92055556,180,Santander,Puerto Parra,PRECIPITACION,Diaria,16/01/2022,0
23125040,CAMPO CAPOTE [23125040],6.6161111110,-73.92055556,180,Santander,Puerto Parra,PRECIPITACION,Diaria,17/01/2022,0
23125040,CAMPO CAPOTE [23125040],6.6161111110,-73.92055556,180,Santander,Puerto Parra,PRECIPITACION,Diaria,18/01/2022,0
23125040,CAMPO CAPOTE [23125040],6.6161111110,-73.92055556,180,Santander,Puerto Parra,PRECIPITACION,Diaria,19/01/2022,0
23125040,CAMPO CAPOTE [23125040],6.6161111110,-73.92055556,180,Santander,Puerto Parra,PRECIPITACION,Diaria,20/01/2022,0
23125040,CAMPO CAPOTE [23125040],6.6161111110,-73.92055556,180,Santander,Puerto Parra,PRECIPITACION,Diaria,21/01/2022,0
23125040,CAMPO CAPOTE [23125040],6.6161111110,-73.92055556,180,Santander,Puerto Parra,PRECIPITACION,Diaria,22/01/2022,0
23125040,CAMPO CAPOTE [23125040],6.6161111110,-73.92055556,180,Santander,Puerto Parra,PRECIPITACION,Diaria,23/01/2022,0
23125040,CAMPO CAPOTE [23125040],6.6161111110,-73.92055556,180,Santander,Puerto Parra,PRECIPITACION,Diaria,24/01/2022,16
23125040,CAMPO CAPOTE [23125040],6.6161111110,-73.92055556,180,Santander,Puerto Parra,PRECIPITACION,Diaria,25/01/2022,19
23125040,CAMPO CAPOTE [23125040],6.6161111110,-73.92055556,180,Santander,Puerto Parra,PRECIPITACION,Diaria,26/01/2022,29
23125040,CAMPO CAPOTE [23125040],6.6161111110,-73.92055556,180,Santander,Puerto Parra,PRECIPITACION,Diaria,27/01/2022,0
23125040,CAMPO CAPOTE [23125040],6.6161111110,-73.92055556,180,Santander,Puerto Parra,PRECIPITACION,Diaria,28/01/2022,0
23125040,CAMPO CAPOTE [23125040],6.6161111110,-73.92055556,180,Santander,Puerto Parra,PRECIPITACION,Diaria,29/01/2022,0
23125040,CAMPO CAPOTE [23125040],6.6161111110,-73.92055556,180,Santander,Puerto Parra,PRECIPITACION,Diaria,30/01/2022,10
23125040,CAMPO CAPOTE [23125040],6.6161111110,-73.92055556,180,Santander,Puerto Parra,PRECIPITACION,Diaria,31/01/2022,0
23125040,CAMPO CAPOTE [23125040],6.6161111110,-73.92055556,180,Santander,Puerto Parra,PRECIPITACION,Diaria,01/02/2022,0
23125040,CAMPO CAPOTE [23125040],6.6161111110,-73.92055556,180,Santander,Puerto Parra,PRECIPITACION,Diaria,02/02/2022,0
23125040,CAMPO CAPOTE [23125040],6.6161111110,-73.92055556,180,Santander,Puerto Parra,PRECIPITACION,Diaria,03/02/2022,0
23125040,CAMPO CAPOTE [23125040],6.6161111110,-73.92055556,180,Santander,Puerto Parra,PRECIPITACION,Diaria,04/02/2022,11
23125040,CAMPO CAPOTE [23125040],6.6161111110,-73.92055556,180,Santander,Puerto Parra,PRECIPITACION,Diaria,05/02/2022,0
23125040,CAMPO CAPOTE [23125040],6.6161111110,-73.92055556,180,Santander,Puerto Parra,PRECIPITACION,Diaria,06/02/2022,0
23125040,CAMPO CAPOTE [23125040],6.6161111110,-73.92055556,180,Santander,Puerto Parra,PRECIPITACION,Diaria,07/02/2022,18
23125040,CAMPO CAPOTE [23125040],6.6161111110,-73.92055556,180,Santander,Puerto Parra,PRECIPITACION,Diaria,08/02/2022,0
23125040,CAMPO CAPOTE [23125040],6.6161111110,-73.92055556,180,Santander,Puerto Parra,PRECIPITACION,Diaria,09/02/2022,31
23125040,CAMPO CAPOTE [23125040],6.6161111110,-73.92055556,180,Santander,Puerto Parra,PRECIPITACION,Diaria,10/02/2022,0
23125040,CAMPO CAPOTE [23125040],6.6161111110,-73.92055556,180,Santander,Puerto Parra,PRECIPITACION,Diaria,11/02/2022,0
23125040,CAMPO CAPOTE [23125040],6.6161111110,-73.92055556,180,Santander,Puerto Parra,PRECIPITACION,Diaria,12/02/2022,0
23125040,CAMPO CAPOTE [23125040],6.6161111110,-73.92055556,180,Santander,Puerto Parra,PRECIPITACION,Diaria,13/02/2022,0
23125040,CAMPO CAPOTE [23125040],6.6161111110,-73.92055556,180,Santander,Puerto Parra,PRECIPITACION,Diaria,14/02/2022,0
23125040,CAMPO CAPOTE [23125040],6.6161111110,-73.92055556,180,Santander,Puerto Parra,PRECIPITACION,Diaria,15/02/2022,0
23125040,CAMPO CAPOTE [23125040],6.6161111110,-73.92055556,180,Santander,Puerto Parra,PRECIPITACION,Diaria,16/02/2022,0
23125040,CAMPO CAPOTE [23125040],6.6161111110,-73.92055556,180,Santander,Puerto Parra,PRECIPITACION,Diaria,17/02/2022,0
23125040,CAMPO CAPOTE [23125040],6.6161111110,-73.92055556,180,Santander,Puerto Parra,PRECIPITACION,Diaria,18/02/2022,0
23125040,CAMPO CAPOTE [23125040],6.6161111110,-73.92055556,180,Santander,Puerto Parra,PRECIPITACION,Diaria,19/02/2022,5
23125040,CAMPO CAPOTE [23125040],6.6161111110,-73.92055556,180,Santander,Puerto Parra,PRECIPITACION,Diaria,20/02/2022,0
23125040,CAMPO CAPOTE [23125040],6.6161111110,-73.92055556,180,Santander,Puerto Parra,PRECIPITACION,Diaria,21/02/2022,0
23125040,CAMPO CAPOTE [23125040],6.6161111110,-73.92055556,180,Santander,Puerto Parra,PRECIPITACION,Diaria,22/02/2022,0
23125040,CAMPO CAPOTE [23125040],6.6161111110,-73.92055556,180,Santander,Puerto Parra,PRECIPITACION,Diaria,23/02/2022,0
23125040,CAMPO CAPOTE [23125040],6.6161111110,-73.92055556,180,Santander,Puerto Parra,PRECIPITACION,Diaria,24/02/2022,0
23125040,CAMPO CAPOTE [23125040],6.6161111110,-73.92055556,180,Santander,Puerto Parra,PRECIPITACION,Diaria,25/02/2022,0
23125040,CAMPO CAPOTE [23125040],6.6161111110,-73.92055556,180,Santander,Puerto Parra,PRECIPITACION,Diaria,26/02/2022,32
23125040,CAMPO CAPOTE [23125040],6.6161111110,-73.92055556,180,Santander,Puerto Parra,PRECIPITACION,Diaria,27/02/2022,68
23125040,CAMPO CAPOTE [23125040],6.6161111110,-73.92055556,180,Santander,Puerto Parra,PRECIPITACION,Diaria,28/02/2022,18.5
23125040,CAMPO CAPOTE [23125040],6.6161111110,-73.92055556,180,Santander,Puerto Parra,PRECIPITACION,Diaria,01/03/2022,5
23125040,CAMPO CAPOTE [23125040],6.6161111110,-73.92055556,180,Santander,Puerto Parra,PRECIPITACION,Diaria,02/03/2022,0
23125040,CAMPO CAPOTE [23125040],6.6161111110,-73.92055556,180,Santander,Puerto Parra,PRECIPITACION,Diaria,03/03/2022,7
23125040,CAMPO CAPOTE [23125040],6.6161111110,-73.92055556,180,Santander,Puerto Parra,PRECIPITACION,Diaria,04/03/2022,3
23125040,CAMPO CAPOTE [23125040],6.6161111110,-73.92055556,180,Santander,Puerto Parra,PRECIPITACION,Diaria,05/03/2022,0
23125040,CAMPO CAPOTE [23125040],6.6161111110,-73.92055556,180,Santander,Puerto Parra,PRECIPITACION,Diaria,06/03/2022,0
23125040,CAMPO CAPOTE [23125040],6.6161111110,-73.92055556,180,Santander,Puerto Parra,PRECIPITACION,Diaria,07/03/2022,0
23125040,CAMPO CAPOTE [23125040],6.6161111110,-73.92055556,180,Santander,Puerto Parra,PRECIPITACION,Diaria,08/03/2022,0
23125040,CAMPO CAPOTE [23125040],6.6161111110,-73.92055556,180,Santander,Puerto Parra,PRECIPITACION,Diaria,09/03/2022,0
23125040,CAMPO CAPOTE [23125040],6.6161111110,-73.92055556,180,Santander,Puerto Parra,PRECIPITACION,Diaria,10/03/2022,0
23125040,CAMPO CAPOTE [23125040],6.6161111110,-73.92055556,180,Santander,Puerto Parra,PRECIPITACION,Diaria,11/03/2022,0
23125040,CAMPO CAPOTE [23125040],6.6161111110,-73.92055556,180,Santander,Puerto Parra,PRECIPITACION,Diaria,12/03/2022,0
23125040,CAMPO CAPOTE [23125040],6.6161111110,-73.92055556,180,Santander,Puerto Parra,PRECIPITACION,Diaria,13/03/2022,0
23125040,CAMPO CAPOTE [23125040],6.6161111110,-73.92055556,180,Santander,Puerto Parra,PRECIPITACION,Diaria,14/03/2022,42
23125040,CAMPO CAPOTE [23125040],6.6161111110,-73.92055556,180,Santander,Puerto Parra,PRECIPITACION,Diaria,15/03/2022,8
23125040,CAMPO CAPOTE [23125040],6.6161111110,-73.92055556,180,Santander,Puerto Parra,PRECIPITACION,Diaria,16/03/2022,39
23125040,CAMPO CAPOTE [23125040],6.6161111110,-73.92055556,180,Santander,Puerto Parra,PRECIPITACION,Diaria,17/03/2022,0
23125040,CAMPO CAPOTE [23125040],6.6161111110,-73.92055556,180,Santander,Puerto Parra,PRECIPITACION,Diaria,18/03/2022,15
23125040,CAMPO CAPOTE [23125040],6.6161111110,-73.92055556,180,Santander,Puerto Parra,PRECIPITACION,Diaria,19/03/2022,0
23125040,CAMPO CAPOTE [23125040],6.6161111110,-73.92055556,180,Santander,Puerto Parra,PRECIPITACION,Diaria,20/03/2022,18
23125040,CAMPO CAPOTE [23125040],6.6161111110,-73.92055556,180,Santander,Puerto Parra,PRECIPITACION,Diaria,21/03/2022,0
23125040,CAMPO CAPOTE [23125040],6.6161111110,-73.92055556,180,Santander,Puerto Parra,PRECIPITACION,Diaria,22/03/2022,3
23125040,CAMPO CAPOTE [23125040],6.6161111110,-73.92055556,180,Santander,Puerto Parra,PRECIPITACION,Diaria,23/03/2022,0
23125040,CAMPO CAPOTE [23125040],6.6161111110,-73.92055556,180,Santander,Puerto Parra,PRECIPITACION,Diaria,24/03/2022,23
23125040,CAMPO CAPOTE [23125040],6.6161111110,-73.92055556,180,Santander,Puerto Parra,PRECIPITACION,Diaria,25/03/2022,81
23125040,CAMPO CAPOTE [23125040],6.6161111110,-73.92055556,180,Santander,Puerto Parra,PRECIPITACION,Diaria,26/03/2022,0
23125040,CAMPO CAPOTE [23125040],6.6161111110,-73.92055556,180,Santander,Puerto Parra,PRECIPITACION,Diaria,27/03/2022,0
23125040,CAMPO CAPOTE [23125040],6.6161111110,-73.92055556,180,Santander,Puerto Parra,PRECIPITACION,Diaria,28/03/2022,6
23125040,CAMPO CAPOTE [23125040],6.6161111110,-73.92055556,180,Santander,Puerto Parra,PRECIPITACION,Diaria,29/03/2022,13
23125040,CAMPO CAPOTE [23125040],6.6161111110,-73.92055556,180,Santander,Puerto Parra,PRECIPITACION,Diaria,30/03/2022,0
23125040,CAMPO CAPOTE [23125040],6.6161111110,-73.92055556,180,Santander,Puerto Parra,PRECIPITACION,Diaria,31/03/2022,0
23125040,CAMPO CAPOTE [23125040],6.6161111110,-73.92055556,180,Santander,Puerto Parra,PRECIPITACION,Diaria,01/04/2022,0
23125040,CAMPO CAPOTE [23125040],6.6161111110,-73.92055556,180,Santander,Puerto Parra,PRECIPITACION,Diaria,02/04/2022,0
23125040,CAMPO CAPOTE [23125040],6.6161111110,-73.92055556,180,Santander,Puerto Parra,PRECIPITACION,Diaria,03/04/2022,56
23125040,CAMPO CAPOTE [23125040],6.6161111110,-73.92055556,180,Santander,Puerto Parra,PRECIPITACION,Diaria,04/04/2022,0
23125040,CAMPO CAPOTE [23125040],6.6161111110,-73.92055556,180,Santander,Puerto Parra,PRECIPITACION,Diaria,05/04/2022,0
23125040,CAMPO CAPOTE [23125040],6.6161111110,-73.92055556,180,Santander,Puerto Parra,PRECIPITACION,Diaria,06/04/2022,22
23125040,CAMPO CAPOTE [23125040],6.6161111110,-73.92055556,180,Santander,Puerto Parra,PRECIPITACION,Diaria,07/04/2022,0
23125040,CAMPO CAPOTE [23125040],6.6161111110,-73.92055556,180,Santander,Puerto Parra,PRECIPITACION,Diaria,08/04/2022,0
23125040,CAMPO CAPOTE [23125040],6.6161111110,-73.92055556,180,Santander,Puerto Parra,PRECIPITACION,Diaria,09/04/2022,7
23125040,CAMPO CAPOTE [23125040],6.6161111110,-73.92055556,180,Santander,Puerto Parra,PRECIPITACION,Diaria,10/04/2022,0
23125040,CAMPO CAPOTE [23125040],6.6161111110,-73.92055556,180,Santander,Puerto Parra,PRECIPITACION,Diaria,11/04/2022,0
23125040,CAMPO CAPOTE [23125040],6.6161111110,-73.92055556,180,Santander,Puerto Parra,PRECIPITACION,Diaria,12/04/2022,82
23125040,CAMPO CAPOTE [23125040],6.6161111110,-73.92055556,180,Santander,Puerto Parra,PRECIPITACION,Diaria,13/04/2022,0
23125040,CAMPO CAPOTE [23125040],6.6161111110,-73.92055556,180,Santander,Puerto Parra,PRECIPITACION,Diaria,14/04/2022,0
23125040,CAMPO CAPOTE [23125040],6.6161111110,-73.92055556,180,Santander,Puerto Parra,PRECIPITACION,Diaria,15/04/2022,0
23125040,CAMPO CAPOTE [23125040],6.6161111110,-73.92055556,180,Santander,Puerto Parra,PRECIPITACION,Diaria,16/04/2022,2
23125040,CAMPO CAPOTE [23125040],6.6161111110,-73.92055556,180,Santander,Puerto Parra,PRECIPITACION,Diaria,17/04/2022,2
23125040,CAMPO CAPOTE [23125040],6.6161111110,-73.92055556,180,Santander,Puerto Parra,PRECIPITACION,Diaria,18/04/2022,13
23125040,CAMPO CAPOTE [23125040],6.6161111110,-73.92055556,180,Santander,Puerto Parra,PRECIPITACION,Diaria,19/04/2022,9
23125040,CAMPO CAPOTE [23125040],6.6161111110,-73.92055556,180,Santander,Puerto Parra,PRECIPITACION,Diaria,20/04/2022,3
23125040,CAMPO CAPOTE [23125040],6.6161111110,-73.92055556,180,Santander,Puerto Parra,PRECIPITACION,Diaria,21/04/2022,22
23125040,CAMPO CAPOTE [23125040],6.6161111110,-73.92055556,180,Santander,Puerto Parra,PRECIPITACION,Diaria,22/04/2022,12
23125040,CAMPO CAPOTE [23125040],6.6161111110,-73.92055556,180,Santander,Puerto Parra,PRECIPITACION,Diaria,23/04/2022,0
23125040,CAMPO CAPOTE [23125040],6.6161111110,-73.92055556,180,Santander,Puerto Parra,PRECIPITACION,Diaria,24/04/2022,122
23125040,CAMPO CAPOTE [23125040],6.6161111110,-73.92055556,180,Santander,Puerto Parra,PRECIPITACION,Diaria,25/04/2022,13
23125040,CAMPO CAPOTE [23125040],6.6161111110,-73.92055556,180,Santander,Puerto Parra,PRECIPITACION,Diaria,26/04/2022,0
23125040,CAMPO CAPOTE [23125040],6.6161111110,-73.92055556,180,Santander,Puerto Parra,PRECIPITACION,Diaria,27/04/2022,8
23125040,CAMPO CAPOTE [23125040],6.6161111110,-73.92055556,180,Santander,Puerto Parra,PRECIPITACION,Diaria,28/04/2022,3
23125040,CAMPO CAPOTE [23125040],6.6161111110,-73.92055556,180,Santander,Puerto Parra,PRECIPITACION,Diaria,29/04/2022,0
23125040,CAMPO CAPOTE [23125040],6.6161111110,-73.92055556,180,Santander,Puerto Parra,PRECIPITACION,Diaria,30/04/2022,32
23125040,CAMPO CAPOTE [23125040],6.6161111110,-73.92055556,180,Santander,Puerto Parra,PRECIPITACION,Diaria,01/05/2022,49
23125040,CAMPO CAPOTE [23125040],6.6161111110,-73.92055556,180,Santander,Puerto Parra,PRECIPITACION,Diaria,02/05/2022,0
23125040,CAMPO CAPOTE [23125040],6.6161111110,-73.92055556,180,Santander,Puerto Parra,PRECIPITACION,Diaria,03/05/2022,0
23125040,CAMPO CAPOTE [23125040],6.6161111110,-73.92055556,180,Santander,Puerto Parra,PRECIPITACION,Diaria,04/05/2022,44
23125040,CAMPO CAPOTE [23125040],6.6161111110,-73.92055556,180,Santander,Puerto Parra,PRECIPITACION,Diaria,05/05/2022,47
23125040,CAMPO CAPOTE [23125040],6.6161111110,-73.92055556,180,Santander,Puerto Parra,PRECIPITACION,Diaria,06/05/2022,0
23125040,CAMPO CAPOTE [23125040],6.6161111110,-73.92055556,180,Santander,Puerto Parra,PRECIPITACION,Diaria,07/05/2022,0
23125040,CAMPO CAPOTE [23125040],6.6161111110,-73.92055556,180,Santander,Puerto Parra,PRECIPITACION,Diaria,08/05/2022,0
23125040,CAMPO CAPOTE [23125040],6.6161111110,-73.92055556,180,Santander,Puerto Parra,PRECIPITACION,Diaria,09/05/2022,0
23125040,CAMPO CAPOTE [23125040],6.6161111110,-73.92055556,180,Santander,Puerto Parra,PRECIPITACION,Diaria,10/05/2022,0
23125040,CAMPO CAPOTE [23125040],6.6161111110,-73.92055556,180,Santander,Puerto Parra,PRECIPITACION,Diaria,11/05/2022,0
23125040,CAMPO CAPOTE [23125040],6.6161111110,-73.92055556,180,Santander,Puerto Parra,PRECIPITACION,Diaria,12/05/2022,0
23125040,CAMPO CAPOTE [23125040],6.6161111110,-73.92055556,180,Santander,Puerto Parra,PRECIPITACION,Diaria,13/05/2022,2
23125040,CAMPO CAPOTE [23125040],6.6161111110,-73.92055556,180,Santander,Puerto Parra,PRECIPITACION,Diaria,14/05/2022,0
23125040,CAMPO CAPOTE [23125040],6.6161111110,-73.92055556,180,Santander,Puerto Parra,PRECIPITACION,Diaria,15/05/2022,0
23125040,CAMPO CAPOTE [23125040],6.6161111110,-73.92055556,180,Santander,Puerto Parra,PRECIPITACION,Diaria,16/05/2022,55
23125040,CAMPO CAPOTE [23125040],6.6161111110,-73.92055556,180,Santander,Puerto Parra,PRECIPITACION,Diaria,17/05/2022,0
23125040,CAMPO CAPOTE [23125040],6.6161111110,-73.92055556,180,Santander,Puerto Parra,PRECIPITACION,Diaria,18/05/2022,0
23125040,CAMPO CAPOTE [23125040],6.6161111110,-73.92055556,180,Santander,Puerto Parra,PRECIPITACION,Diaria,19/05/2022,31
23125040,CAMPO CAPOTE [23125040],6.6161111110,-73.92055556,180,Santander,Puerto Parra,PRECIPITACION,Diaria,20/05/2022,7
23125040,CAMPO CAPOTE [23125040],6.6161111110,-73.92055556,180,Santander,Puerto Parra,PRECIPITACION,Diaria,21/05/2022,0
23125040,CAMPO CAPOTE [23125040],6.6161111110,-73.92055556,180,Santander,Puerto Parra,PRECIPITACION,Diaria,22/05/2022,0
23125040,CAMPO CAPOTE [23125040],6.6161111110,-73.92055556,180,Santander,Puerto Parra,PRECIPITACION,Diaria,23/05/2022,0
23125040,CAMPO CAPOTE [23125040],6.6161111110,-73.92055556,180,Santander,Puerto Parra,PRECIPITACION,Diaria,24/05/2022,0
23125040,CAMPO CAPOTE [23125040],6.6161111110,-73.92055556,180,Santander,Puerto Parra,PRECIPITACION,Diaria,25/05/2022,10
23125040,CAMPO CAPOTE [23125040],6.6161111110,-73.92055556,180,Santander,Puerto Parra,PRECIPITACION,Diaria,26/05/2022,0
23125040,CAMPO CAPOTE [23125040],6.6161111110,-73.92055556,180,Santander,Puerto Parra,PRECIPITACION,Diaria,27/05/2022,55
23125040,CAMPO CAPOTE [23125040],6.6161111110,-73.92055556,180,Santander,Puerto Parra,PRECIPITACION,Diaria,28/05/2022,7
23125040,CAMPO CAPOTE [23125040],6.6161111110,-73.92055556,180,Santander,Puerto Parra,PRECIPITACION,Diaria,29/05/2022,0
23125040,CAMPO CAPOTE [23125040],6.6161111110,-73.92055556,180,Santander,Puerto Parra,PRECIPITACION,Diaria,30/05/2022,11
23125040,CAMPO CAPOTE [23125040],6.6161111110,-73.92055556,180,Santander,Puerto Parra,PRECIPITACION,Diaria,31/05/2022,0
23125040,CAMPO CAPOTE [23125040],6.6161111110,-73.92055556,180,Santander,Puerto Parra,PRECIPITACION,Diaria,01/06/2022,55
23125040,CAMPO CAPOTE [23125040],6.6161111110,-73.92055556,180,Santander,Puerto Parra,PRECIPITACION,Diaria,02/06/2022,9
23125040,CAMPO CAPOTE [23125040],6.6161111110,-73.92055556,180,Santander,Puerto Parra,PRECIPITACION,Diaria,03/06/2022,0
23125040,CAMPO CAPOTE [23125040],6.6161111110,-73.92055556,180,Santander,Puerto Parra,PRECIPITACION,Diaria,04/06/2022,0
23125040,CAMPO CAPOTE [23125040],6.6161111110,-73.92055556,180,Santander,Puerto Parra,PRECIPITACION,Diaria,05/06/2022,0
23125040,CAMPO CAPOTE [23125040],6.6161111110,-73.92055556,180,Santander,Puerto Parra,PRECIPITACION,Diaria,06/06/2022,7
23125040,CAMPO CAPOTE [23125040],6.6161111110,-73.92055556,180,Santander,Puerto Parra,PRECIPITACION,Diaria,07/06/2022,0
23125040,CAMPO CAPOTE [23125040],6.6161111110,-73.92055556,180,Santander,Puerto Parra,PRECIPITACION,Diaria,08/06/2022,0
23125040,CAMPO CAPOTE [23125040],6.6161111110,-73.92055556,180,Santander,Puerto Parra,PRECIPITACION,Diaria,09/06/2022,0
23125040,CAMPO CAPOTE [23125040],6.6161111110,-73.92055556,180,Santander,Puerto Parra,PRECIPITACION,Diaria,10/06/2022,2
23125040,CAMPO CAPOTE [23125040],6.6161111110,-73.92055556,180,Santander,Puerto Parra,PRECIPITACION,Diaria,11/06/2022,3
23125040,CAMPO CAPOTE [23125040],6.6161111110,-73.92055556,180,Santander,Puerto Parra,PRECIPITACION,Diaria,12/06/2022,0
23125040,CAMPO CAPOTE [23125040],6.6161111110,-73.92055556,180,Santander,Puerto Parra,PRECIPITACION,Diaria,13/06/2022,20
23125040,CAMPO CAPOTE [23125040],6.6161111110,-73.92055556,180,Santander,Puerto Parra,PRECIPITACION,Diaria,14/06/2022,0
23125040,CAMPO CAPOTE [23125040],6.6161111110,-73.92055556,180,Santander,Puerto Parra,PRECIPITACION,Diaria,15/06/2022,0
23125040,CAMPO CAPOTE [23125040],6.6161111110,-73.92055556,180,Santander,Puerto Parra,PRECIPITACION,Diaria,16/06/2022,23
23125040,CAMPO CAPOTE [23125040],6.6161111110,-73.92055556,180,Santander,Puerto Parra,PRECIPITACION,Diaria,17/06/2022,0
23125040,CAMPO CAPOTE [23125040],6.6161111110,-73.92055556,180,Santander,Puerto Parra,PRECIPITACION,Diaria,18/06/2022,7
23125040,CAMPO CAPOTE [23125040],6.6161111110,-73.92055556,180,Santander,Puerto Parra,PRECIPITACION,Diaria,19/06/2022,0
23125040,CAMPO CAPOTE [23125040],6.6161111110,-73.92055556,180,Santander,Puerto Parra,PRECIPITACION,Diaria,20/06/2022,0
23125040,CAMPO CAPOTE [23125040],6.6161111110,-73.92055556,180,Santander,Puerto Parra,PRECIPITACION,Diaria,21/06/2022,0
23125040,CAMPO CAPOTE [23125040],6.6161111110,-73.92055556,180,Santander,Puerto Parra,PRECIPITACION,Diaria,22/06/2022,0
23125040,CAMPO CAPOTE [23125040],6.6161111110,-73.92055556,180,Santander,Puerto Parra,PRECIPITACION,Diaria,23/06/2022,0
23125040,CAMPO CAPOTE [23125040],6.6161111110,-73.92055556,180,Santander,Puerto Parra,PRECIPITACION,Diaria,24/06/2022,0
23125040,CAMPO CAPOTE [23125040],6.6161111110,-73.92055556,180,Santander,Puerto Parra,PRECIPITACION,Diaria,25/06/2022,0
23125040,CAMPO CAPOTE [23125040],6.6161111110,-73.92055556,180,Santander,Puerto Parra,PRECIPITACION,Diaria,26/06/2022,0
23125040,CAMPO CAPOTE [23125040],6.6161111110,-73.92055556,180,Santander,Puerto Parra,PRECIPITACION,Diaria,27/06/2022,5
23125040,CAMPO CAPOTE [23125040],6.6161111110,-73.92055556,180,Santander,Puerto Parra,PRECIPITACION,Diaria,28/06/2022,6
23125040,CAMPO CAPOTE [23125040],6.6161111110,-73.92055556,180,Santander,Puerto Parra,PRECIPITACION,Diaria,29/06/2022,0
23125040,CAMPO CAPOTE [23125040],6.6161111110,-73.92055556,180,Santander,Puerto Parra,PRECIPITACION,Diaria,30/06/2022,9
23125040,CAMPO CAPOTE [23125040],6.6161111110,-73.92055556,180,Santander,Puerto Parra,PRECIPITACION,Diaria,01/07/2022,0
23125040,CAMPO CAPOTE [23125040],6.6161111110,-73.92055556,180,Santander,Puerto Parra,PRECIPITACION,Diaria,02/07/2022,0
23125040,CAMPO CAPOTE [23125040],6.6161111110,-73.92055556,180,Santander,Puerto Parra,PRECIPITACION,Diaria,03/07/2022,4
23125040,CAMPO CAPOTE [23125040],6.6161111110,-73.92055556,180,Santander,Puerto Parra,PRECIPITACION,Diaria,04/07/2022,0
23125040,CAMPO CAPOTE [23125040],6.6161111110,-73.92055556,180,Santander,Puerto Parra,PRECIPITACION,Diaria,05/07/2022,3
23125040,CAMPO CAPOTE [23125040],6.6161111110,-73.92055556,180,Santander,Puerto Parra,PRECIPITACION,Diaria,06/07/2022,0
23125040,CAMPO CAPOTE [23125040],6.6161111110,-73.92055556,180,Santander,Puerto Parra,PRECIPITACION,Diaria,07/07/2022,0
23125040,CAMPO CAPOTE [23125040],6.6161111110,-73.92055556,180,Santander,Puerto Parra,PRECIPITACION,Diaria,08/07/2022,0
23125040,CAMPO CAPOTE [23125040],6.6161111110,-73.92055556,180,Santander,Puerto Parra,PRECIPITACION,Diaria,09/07/2022,0
23125040,CAMPO CAPOTE [23125040],6.6161111110,-73.92055556,180,Santander,Puerto Parra,PRECIPITACION,Diaria,10/07/2022,77
23125040,CAMPO CAPOTE [23125040],6.6161111110,-73.92055556,180,Santander,Puerto Parra,PRECIPITACION,Diaria,11/07/2022,2
23125040,CAMPO CAPOTE [23125040],6.6161111110,-73.92055556,180,Santander,Puerto Parra,PRECIPITACION,Diaria,12/07/2022,4
23125040,CAMPO CAPOTE [23125040],6.6161111110,-73.92055556,180,Santander,Puerto Parra,PRECIPITACION,Diaria,13/07/2022,6
23125040,CAMPO CAPOTE [23125040],6.6161111110,-73.92055556,180,Santander,Puerto Parra,PRECIPITACION,Diaria,14/07/2022,0
23125040,CAMPO CAPOTE [23125040],6.6161111110,-73.92055556,180,Santander,Puerto Parra,PRECIPITACION,Diaria,15/07/2022,0
23125040,CAMPO CAPOTE [23125040],6.6161111110,-73.92055556,180,Santander,Puerto Parra,PRECIPITACION,Diaria,16/07/2022,0
23125040,CAMPO CAPOTE [23125040],6.6161111110,-73.92055556,180,Santander,Puerto Parra,PRECIPITACION,Diaria,17/07/2022,6
23125040,CAMPO CAPOTE [23125040],6.6161111110,-73.92055556,180,Santander,Puerto Parra,PRECIPITACION,Diaria,18/07/2022,1
23125040,CAMPO CAPOTE [23125040],6.6161111110,-73.92055556,180,Santander,Puerto Parra,PRECIPITACION,Diaria,19/07/2022,0
23125040,CAMPO CAPOTE [23125040],6.6161111110,-73.92055556,180,Santander,Puerto Parra,PRECIPITACION,Diaria,20/07/2022,0
23125040,CAMPO CAPOTE [23125040],6.6161111110,-73.92055556,180,Santander,Puerto Parra,PRECIPITACION,Diaria,21/07/2022,9
23125040,CAMPO CAPOTE [23125040],6.6161111110,-73.92055556,180,Santander,Puerto Parra,PRECIPITACION,Diaria,22/07/2022,36
23125040,CAMPO CAPOTE [23125040],6.6161111110,-73.92055556,180,Santander,Puerto Parra,PRECIPITACION,Diaria,23/07/2022,90
23125040,CAMPO CAPOTE [23125040],6.6161111110,-73.92055556,180,Santander,Puerto Parra,PRECIPITACION,Diaria,24/07/2022,0
23125040,CAMPO CAPOTE [23125040],6.6161111110,-73.92055556,180,Santander,Puerto Parra,PRECIPITACION,Diaria,25/07/2022,11
23125040,CAMPO CAPOTE [23125040],6.6161111110,-73.92055556,180,Santander,Puerto Parra,PRECIPITACION,Diaria,26/07/2022,7
23125040,CAMPO CAPOTE [23125040],6.6161111110,-73.92055556,180,Santander,Puerto Parra,PRECIPITACION,Diaria,27/07/2022,70
23125040,CAMPO CAPOTE [23125040],6.6161111110,-73.92055556,180,Santander,Puerto Parra,PRECIPITACION,Diaria,28/07/2022,4
23125040,CAMPO CAPOTE [23125040],6.6161111110,-73.92055556,180,Santander,Puerto Parra,PRECIPITACION,Diaria,29/07/2022,0
23125040,CAMPO CAPOTE [23125040],6.6161111110,-73.92055556,180,Santander,Puerto Parra,PRECIPITACION,Diaria,30/07/2022,0
23125040,CAMPO CAPOTE [23125040],6.6161111110,-73.92055556,180,Santander,Puerto Parra,PRECIPITACION,Diaria,31/07/2022,6
23125040,CAMPO CAPOTE [23125040],6.6161111110,-73.92055556,180,Santander,Puerto Parra,PRECIPITACION,Diaria,01/08/2022,0
23125040,CAMPO CAPOTE [23125040],6.6161111110,-73.92055556,180,Santander,Puerto Parra,PRECIPITACION,Diaria,02/08/2022,9
23125040,CAMPO CAPOTE [23125040],6.6161111110,-73.92055556,180,Santander,Puerto Parra,PRECIPITACION,Diaria,03/08/2022,0
23125040,CAMPO CAPOTE [23125040],6.6161111110,-73.92055556,180,Santander,Puerto Parra,PRECIPITACION,Diaria,04/08/2022,47
23125040,CAMPO CAPOTE [23125040],6.6161111110,-73.92055556,180,Santander,Puerto Parra,PRECIPITACION,Diaria,05/08/2022,44
23125040,CAMPO CAPOTE [23125040],6.6161111110,-73.92055556,180,Santander,Puerto Parra,PRECIPITACION,Diaria,06/08/2022,0
23125040,CAMPO CAPOTE [23125040],6.6161111110,-73.92055556,180,Santander,Puerto Parra,PRECIPITACION,Diaria,07/08/2022,0
23125040,CAMPO CAPOTE [23125040],6.6161111110,-73.92055556,180,Santander,Puerto Parra,PRECIPITACION,Diaria,08/08/2022,0
23125040,CAMPO CAPOTE [23125040],6.6161111110,-73.92055556,180,Santander,Puerto Parra,PRECIPITACION,Diaria,09/08/2022,0
23125040,CAMPO CAPOTE [23125040],6.6161111110,-73.92055556,180,Santander,Puerto Parra,PRECIPITACION,Diaria,10/08/2022,0
23125040,CAMPO CAPOTE [23125040],6.6161111110,-73.92055556,180,Santander,Puerto Parra,PRECIPITACION,Diaria,11/08/2022,51
23125040,CAMPO CAPOTE [23125040],6.6161111110,-73.92055556,180,Santander,Puerto Parra,PRECIPITACION,Diaria,12/08/2022,3
23125040,CAMPO CAPOTE [23125040],6.6161111110,-73.92055556,180,Santander,Puerto Parra,PRECIPITACION,Diaria,13/08/2022,6
23125040,CAMPO CAPOTE [23125040],6.6161111110,-73.92055556,180,Santander,Puerto Parra,PRECIPITACION,Diaria,14/08/2022,4
23125040,CAMPO CAPOTE [23125040],6.6161111110,-73.92055556,180,Santander,Puerto Parra,PRECIPITACION,Diaria,15/08/2022,47
23125040,CAMPO CAPOTE [23125040],6.6161111110,-73.92055556,180,Santander,Puerto Parra,PRECIPITACION,Diaria,16/08/2022,0
23125040,CAMPO CAPOTE [23125040],6.6161111110,-73.92055556,180,Santander,Puerto Parra,PRECIPITACION,Diaria,17/08/2022,0
23125040,CAMPO CAPOTE [23125040],6.6161111110,-73.92055556,180,Santander,Puerto Parra,PRECIPITACION,Diaria,18/08/2022,0
23125040,CAMPO CAPOTE [23125040],6.6161111110,-73.92055556,180,Santander,Puerto Parra,PRECIPITACION,Diaria,19/08/2022,0
23125040,CAMPO CAPOTE [23125040],6.6161111110,-73.92055556,180,Santander,Puerto Parra,PRECIPITACION,Diaria,20/08/2022,8
23125040,CAMPO CAPOTE [23125040],6.6161111110,-73.92055556,180,Santander,Puerto Parra,PRECIPITACION,Diaria,21/08/2022,13
23125040,CAMPO CAPOTE [23125040],6.6161111110,-73.92055556,180,Santander,Puerto Parra,PRECIPITACION,Diaria,22/08/2022,49
23125040,CAMPO CAPOTE [23125040],6.6161111110,-73.92055556,180,Santander,Puerto Parra,PRECIPITACION,Diaria,23/08/2022,0
23125040,CAMPO CAPOTE [23125040],6.6161111110,-73.92055556,180,Santander,Puerto Parra,PRECIPITACION,Diaria,24/08/2022,0
23125040,CAMPO CAPOTE [23125040],6.6161111110,-73.92055556,180,Santander,Puerto Parra,PRECIPITACION,Diaria,25/08/2022,20
23125040,CAMPO CAPOTE [23125040],6.6161111110,-73.92055556,180,Santander,Puerto Parra,PRECIPITACION,Diaria,26/08/2022,0
23125040,CAMPO CAPOTE [23125040],6.6161111110,-73.92055556,180,Santander,Puerto Parra,PRECIPITACION,Diaria,27/08/2022,51
23125040,CAMPO CAPOTE [23125040],6.6161111110,-73.92055556,180,Santander,Puerto Parra,PRECIPITACION,Diaria,28/08/2022,2
23125040,CAMPO CAPOTE [23125040],6.6161111110,-73.92055556,180,Santander,Puerto Parra,PRECIPITACION,Diaria,29/08/2022,0
23125040,CAMPO CAPOTE [23125040],6.6161111110,-73.92055556,180,Santander,Puerto Parra,PRECIPITACION,Diaria,30/08/2022,0
23125040,CAMPO CAPOTE [23125040],6.6161111110,-73.92055556,180,Santander,Puerto Parra,PRECIPITACION,Diaria,31/08/2022,23
23125040,CAMPO CAPOTE [23125040],6.6161111110,-73.92055556,180,Santander,Puerto Parra,PRECIPITACION,Diaria,01/09/2022,0
23125040,CAMPO CAPOTE [23125040],6.6161111110,-73.92055556,180,Santander,Puerto Parra,PRECIPITACION,Diaria,02/09/2022,5
23125040,CAMPO CAPOTE [23125040],6.6161111110,-73.92055556,180,Santander,Puerto Parra,PRECIPITACION,Diaria,03/09/2022,14
23125040,CAMPO CAPOTE [23125040],6.6161111110,-73.92055556,180,Santander,Puerto Parra,PRECIPITACION,Diaria,04/09/2022,0
23125040,CAMPO CAPOTE [23125040],6.6161111110,-73.92055556,180,Santander,Puerto Parra,PRECIPITACION,Diaria,05/09/2022,2
23125040,CAMPO CAPOTE [23125040],6.6161111110,-73.92055556,180,Santander,Puerto Parra,PRECIPITACION,Diaria,06/09/2022,0
23125040,CAMPO CAPOTE [23125040],6.6161111110,-73.92055556,180,Santander,Puerto Parra,PRECIPITACION,Diaria,07/09/2022,35
23125040,CAMPO CAPOTE [23125040],6.6161111110,-73.92055556,180,Santander,Puerto Parra,PRECIPITACION,Diaria,08/09/2022,49
23125040,CAMPO CAPOTE [23125040],6.6161111110,-73.92055556,180,Santander,Puerto Parra,PRECIPITACION,Diaria,09/09/2022,0
23125040,CAMPO CAPOTE [23125040],6.6161111110,-73.92055556,180,Santander,Puerto Parra,PRECIPITACION,Diaria,10/09/2022,7
23125040,CAMPO CAPOTE [23125040],6.6161111110,-73.92055556,180,Santander,Puerto Parra,PRECIPITACION,Diaria,11/09/2022,66
23125040,CAMPO CAPOTE [23125040],6.6161111110,-73.92055556,180,Santander,Puerto Parra,PRECIPITACION,Diaria,12/09/2022,0
23125040,CAMPO CAPOTE [23125040],6.6161111110,-73.92055556,180,Santander,Puerto Parra,PRECIPITACION,Diaria,13/09/2022,10
23125040,CAMPO CAPOTE [23125040],6.6161111110,-73.92055556,180,Santander,Puerto Parra,PRECIPITACION,Diaria,14/09/2022,0
23125040,CAMPO CAPOTE [23125040],6.6161111110,-73.92055556,180,Santander,Puerto Parra,PRECIPITACION,Diaria,15/09/2022,15
23125040,CAMPO CAPOTE [23125040],6.6161111110,-73.92055556,180,Santander,Puerto Parra,PRECIPITACION,Diaria,16/09/2022,0
23125040,CAMPO CAPOTE [23125040],6.6161111110,-73.92055556,180,Santander,Puerto Parra,PRECIPITACION,Diaria,17/09/2022,27
23125040,CAMPO CAPOTE [23125040],6.6161111110,-73.92055556,180,Santander,Puerto Parra,PRECIPITACION,Diaria,18/09/2022,39
23125040,CAMPO CAPOTE [23125040],6.6161111110,-73.92055556,180,Santander,Puerto Parra,PRECIPITACION,Diaria,19/09/2022,0
23125040,CAMPO CAPOTE [23125040],6.6161111110,-73.92055556,180,Santander,Puerto Parra,PRECIPITACION,Diaria,20/09/2022,2
23125040,CAMPO CAPOTE [23125040],6.6161111110,-73.92055556,180,Santander,Puerto Parra,PRECIPITACION,Diaria,21/09/2022,0
23125040,CAMPO CAPOTE [23125040],6.6161111110,-73.92055556,180,Santander,Puerto Parra,PRECIPITACION,Diaria,22/09/2022,0
23125040,CAMPO CAPOTE [23125040],6.6161111110,-73.92055556,180,Santander,Puerto Parra,PRECIPITACION,Diaria,23/09/2022,26
23125040,CAMPO CAPOTE [23125040],6.6161111110,-73.92055556,180,Santander,Puerto Parra,PRECIPITACION,Diaria,24/09/2022,0
23125040,CAMPO CAPOTE [23125040],6.6161111110,-73.92055556,180,Santander,Puerto Parra,PRECIPITACION,Diaria,25/09/2022,0
23125040,CAMPO CAPOTE [23125040],6.6161111110,-73.92055556,180,Santander,Puerto Parra,PRECIPITACION,Diaria,26/09/2022,9
23125040,CAMPO CAPOTE [23125040],6.6161111110,-73.92055556,180,Santander,Puerto Parra,PRECIPITACION,Diaria,27/09/2022,0
23125040,CAMPO CAPOTE [23125040],6.6161111110,-73.92055556,180,Santander,Puerto Parra,PRECIPITACION,Diaria,28/09/2022,17
23125040,CAMPO CAPOTE [23125040],6.6161111110,-73.92055556,180,Santander,Puerto Parra,PRECIPITACION,Diaria,29/09/2022,0
23125040,CAMPO CAPOTE [23125040],6.6161111110,-73.92055556,180,Santander,Puerto Parra,PRECIPITACION,Diaria,01/10/2022,3
23125040,CAMPO CAPOTE [23125040],6.6161111110,-73.92055556,180,Santander,Puerto Parra,PRECIPITACION,Diaria,02/10/2022,0
23125040,CAMPO CAPOTE [23125040],6.6161111110,-73.92055556,180,Santander,Puerto Parra,PRECIPITACION,Diaria,03/10/2022,0
23125040,CAMPO CAPOTE [23125040],6.6161111110,-73.92055556,180,Santander,Puerto Parra,PRECIPITACION,Diaria,04/10/2022,34
23125040,CAMPO CAPOTE [23125040],6.6161111110,-73.92055556,180,Santander,Puerto Parra,PRECIPITACION,Diaria,05/10/2022,36
23125040,CAMPO CAPOTE [23125040],6.6161111110,-73.92055556,180,Santander,Puerto Parra,PRECIPITACION,Diaria,06/10/2022,14
23125040,CAMPO CAPOTE [23125040],6.6161111110,-73.92055556,180,Santander,Puerto Parra,PRECIPITACION,Diaria,07/10/2022,9
23125040,CAMPO CAPOTE [23125040],6.6161111110,-73.92055556,180,Santander,Puerto Parra,PRECIPITACION,Diaria,08/10/2022,3
23125040,CAMPO CAPOTE [23125040],6.6161111110,-73.92055556,180,Santander,Puerto Parra,PRECIPITACION,Diaria,09/10/2022,5
23125040,CAMPO CAPOTE [23125040],6.6161111110,-73.92055556,180,Santander,Puerto Parra,PRECIPITACION,Diaria,10/10/2022,0
23125040,CAMPO CAPOTE [23125040],6.6161111110,-73.92055556,180,Santander,Puerto Parra,PRECIPITACION,Diaria,11/10/2022,0
23125040,CAMPO CAPOTE [23125040],6.6161111110,-73.92055556,180,Santander,Puerto Parra,PRECIPITACION,Diaria,12/10/2022,61
23125040,CAMPO CAPOTE [23125040],6.6161111110,-73.92055556,180,Santander,Puerto Parra,PRECIPITACION,Diaria,13/10/2022,0
23125040,CAMPO CAPOTE [23125040],6.6161111110,-73.92055556,180,Santander,Puerto Parra,PRECIPITACION,Diaria,14/10/2022,3
23125040,CAMPO CAPOTE [23125040],6.6161111110,-73.92055556,180,Santander,Puerto Parra,PRECIPITACION,Diaria,15/10/2022,0
23125040,CAMPO CAPOTE [23125040],6.6161111110,-73.92055556,180,Santander,Puerto Parra,PRECIPITACION,Diaria,16/10/2022,0
23125040,CAMPO CAPOTE [23125040],6.6161111110,-73.92055556,180,Santander,Puerto Parra,PRECIPITACION,Diaria,17/10/2022,16
23125040,CAMPO CAPOTE [23125040],6.6161111110,-73.92055556,180,Santander,Puerto Parra,PRECIPITACION,Diaria,18/10/2022,0
23125040,CAMPO CAPOTE [23125040],6.6161111110,-73.92055556,180,Santander,Puerto Parra,PRECIPITACION,Diaria,19/10/2022,73
23125040,CAMPO CAPOTE [23125040],6.6161111110,-73.92055556,180,Santander,Puerto Parra,PRECIPITACION,Diaria,20/10/2022,0
23125040,CAMPO CAPOTE [23125040],6.6161111110,-73.92055556,180,Santander,Puerto Parra,PRECIPITACION,Diaria,21/10/2022,0
23125040,CAMPO CAPOTE [23125040],6.6161111110,-73.92055556,180,Santander,Puerto Parra,PRECIPITACION,Diaria,22/10/2022,10
23125040,CAMPO CAPOTE [23125040],6.6161111110,-73.92055556,180,Santander,Puerto Parra,PRECIPITACION,Diaria,23/10/2022,60
23125040,CAMPO CAPOTE [23125040],6.6161111110,-73.92055556,180,Santander,Puerto Parra,PRECIPITACION,Diaria,24/10/2022,20
23125040,CAMPO CAPOTE [23125040],6.6161111110,-73.92055556,180,Santander,Puerto Parra,PRECIPITACION,Diaria,25/10/2022,5
23125040,CAMPO CAPOTE [23125040],6.6161111110,-73.92055556,180,Santander,Puerto Parra,PRECIPITACION,Diaria,26/10/2022,20
23125040,CAMPO CAPOTE [23125040],6.6161111110,-73.92055556,180,Santander,Puerto Parra,PRECIPITACION,Diaria,27/10/2022,3
23125040,CAMPO CAPOTE [23125040],6.6161111110,-73.92055556,180,Santander,Puerto Parra,PRECIPITACION,Diaria,28/10/2022,0
23125040,CAMPO CAPOTE [23125040],6.6161111110,-73.92055556,180,Santander,Puerto Parra,PRECIPITACION,Diaria,29/10/2022,0
23125040,CAMPO CAPOTE [23125040],6.6161111110,-73.92055556,180,Santander,Puerto Parra,PRECIPITACION,Diaria,30/10/2022,0
23125040,CAMPO CAPOTE [23125040],6.6161111110,-73.92055556,180,Santander,Puerto Parra,PRECIPITACION,Diaria,31/10/2022,0
23125040,CAMPO CAPOTE [23125040],6.6161111110,-73.92055556,180,Santander,Puerto Parra,PRECIPITACION,Diaria,01/11/2022,0
23125040,CAMPO CAPOTE [23125040],6.6161111110,-73.92055556,180,Santander,Puerto Parra,PRECIPITACION,Diaria,02/11/2022,3
23125040,CAMPO CAPOTE [23125040],6.6161111110,-73.92055556,180,Santander,Puerto Parra,PRECIPITACION,Diaria,03/11/2022,0
23125040,CAMPO CAPOTE [23125040],6.6161111110,-73.92055556,180,Santander,Puerto Parra,PRECIPITACION,Diaria,04/11/2022,82
23125040,CAMPO CAPOTE [23125040],6.6161111110,-73.92055556,180,Santander,Puerto Parra,PRECIPITACION,Diaria,05/11/2022,0
23125040,CAMPO CAPOTE [23125040],6.6161111110,-73.92055556,180,Santander,Puerto Parra,PRECIPITACION,Diaria,06/11/2022,0
23125040,CAMPO CAPOTE [23125040],6.6161111110,-73.92055556,180,Santander,Puerto Parra,PRECIPITACION,Diaria,07/11/2022,48
23125040,CAMPO CAPOTE [23125040],6.6161111110,-73.92055556,180,Santander,Puerto Parra,PRECIPITACION,Diaria,08/11/2022,7
23125040,CAMPO CAPOTE [23125040],6.6161111110,-73.92055556,180,Santander,Puerto Parra,PRECIPITACION,Diaria,09/11/2022,0
23125040,CAMPO CAPOTE [23125040],6.6161111110,-73.92055556,180,Santander,Puerto Parra,PRECIPITACION,Diaria,10/11/2022,4
23125040,CAMPO CAPOTE [23125040],6.6161111110,-73.92055556,180,Santander,Puerto Parra,PRECIPITACION,Diaria,11/11/2022,61
23125040,CAMPO CAPOTE [23125040],6.6161111110,-73.92055556,180,Santander,Puerto Parra,PRECIPITACION,Diaria,12/11/2022,20
23125040,CAMPO CAPOTE [23125040],6.6161111110,-73.92055556,180,Santander,Puerto Parra,PRECIPITACION,Diaria,13/11/2022,0
23125040,CAMPO CAPOTE [23125040],6.6161111110,-73.92055556,180,Santander,Puerto Parra,PRECIPITACION,Diaria,14/11/2022,0
23125040,CAMPO CAPOTE [23125040],6.6161111110,-73.92055556,180,Santander,Puerto Parra,PRECIPITACION,Diaria,15/11/2022,0
23125040,CAMPO CAPOTE [23125040],6.6161111110,-73.92055556,180,Santander,Puerto Parra,PRECIPITACION,Diaria,16/11/2022,43
23125040,CAMPO CAPOTE [23125040],6.6161111110,-73.92055556,180,Santander,Puerto Parra,PRECIPITACION,Diaria,17/11/2022,51
23125040,CAMPO CAPOTE [23125040],6.6161111110,-73.92055556,180,Santander,Puerto Parra,PRECIPITACION,Diaria,18/11/2022,0
23125040,CAMPO CAPOTE [23125040],6.6161111110,-73.92055556,180,Santander,Puerto Parra,PRECIPITACION,Diaria,19/11/2022,0
23125040,CAMPO CAPOTE [23125040],6.6161111110,-73.92055556,180,Santander,Puerto Parra,PRECIPITACION,Diaria,20/11/2022,20
23125040,CAMPO CAPOTE [23125040],6.6161111110,-73.92055556,180,Santander,Puerto Parra,PRECIPITACION,Diaria,21/11/2022,0
23125040,CAMPO CAPOTE [23125040],6.6161111110,-73.92055556,180,Santander,Puerto Parra,PRECIPITACION,Diaria,22/11/2022,0
23125040,CAMPO CAPOTE [23125040],6.6161111110,-73.92055556,180,Santander,Puerto Parra,PRECIPITACION,Diaria,23/11/2022,0
23125040,CAMPO CAPOTE [23125040],6.6161111110,-73.92055556,180,Santander,Puerto Parra,PRECIPITACION,Diaria,24/11/2022,0
23125040,CAMPO CAPOTE [23125040],6.6161111110,-73.92055556,180,Santander,Puerto Parra,PRECIPITACION,Diaria,25/11/2022,24
23125040,CAMPO CAPOTE [23125040],6.6161111110,-73.92055556,180,Santander,Puerto Parra,PRECIPITACION,Diaria,26/11/2022,0
23125040,CAMPO CAPOTE [23125040],6.6161111110,-73.92055556,180,Santander,Puerto Parra,PRECIPITACION,Diaria,27/11/2022,12
23125040,CAMPO CAPOTE [23125040],6.6161111110,-73.92055556,180,Santander,Puerto Parra,PRECIPITACION,Diaria,28/11/2022,0
23125040,CAMPO CAPOTE [23125040],6.6161111110,-73.92055556,180,Santander,Puerto Parra,PRECIPITACION,Diaria,29/11/2022,0
23125040,CAMPO CAPOTE [23125040],6.6161111110,-73.92055556,180,Santander,Puerto Parra,PRECIPITACION,Diaria,30/11/2022,0
23125040,CAMPO CAPOTE [23125040],6.6161111110,-73.92055556,180,Santander,Puerto Parra,PRECIPITACION,Diaria,01/12/2022,0
23125040,CAMPO CAPOTE [23125040],6.6161111110,-73.92055556,180,Santander,Puerto Parra,PRECIPITACION,Diaria,02/12/2022,0
23125040,CAMPO CAPOTE [23125040],6.6161111110,-73.92055556,180,Santander,Puerto Parra,PRECIPITACION,Diaria,03/12/2022,0
23125040,CAMPO CAPOTE [23125040],6.6161111110,-73.92055556,180,Santander,Puerto Parra,PRECIPITACION,Diaria,04/12/2022,0
23125040,CAMPO CAPOTE [23125040],6.6161111110,-73.92055556,180,Santander,Puerto Parra,PRECIPITACION,Diaria,05/12/2022,0
23125040,CAMPO CAPOTE [23125040],6.6161111110,-73.92055556,180,Santander,Puerto Parra,PRECIPITACION,Diaria,06/12/2022,0
23125040,CAMPO CAPOTE [23125040],6.6161111110,-73.92055556,180,Santander,Puerto Parra,PRECIPITACION,Diaria,07/12/2022,0
23125040,CAMPO CAPOTE [23125040],6.6161111110,-73.92055556,180,Santander,Puerto Parra,PRECIPITACION,Diaria,08/12/2022,0
23125040,CAMPO CAPOTE [23125040],6.6161111110,-73.92055556,180,Santander,Puerto Parra,PRECIPITACION,Diaria,09/12/2022,0
23125040,CAMPO CAPOTE [23125040],6.6161111110,-73.92055556,180,Santander,Puerto Parra,PRECIPITACION,Diaria,10/12/2022,0
23125040,CAMPO CAPOTE [23125040],6.6161111110,-73.92055556,180,Santander,Puerto Parra,PRECIPITACION,Diaria,11/12/2022,0
23125040,CAMPO CAPOTE [23125040],6.6161111110,-73.92055556,180,Santander,Puerto Parra,PRECIPITACION,Diaria,12/12/2022,5
23125040,CAMPO CAPOTE [23125040],6.6161111110,-73.92055556,180,Santander,Puerto Parra,PRECIPITACION,Diaria,13/12/2022,0
23125040,CAMPO CAPOTE [23125040],6.6161111110,-73.92055556,180,Santander,Puerto Parra,PRECIPITACION,Diaria,14/12/2022,0
23125040,CAMPO CAPOTE [23125040],6.6161111110,-73.92055556,180,Santander,Puerto Parra,PRECIPITACION,Diaria,15/12/2022,0
23125040,CAMPO CAPOTE [23125040],6.6161111110,-73.92055556,180,Santander,Puerto Parra,PRECIPITACION,Diaria,16/12/2022,0
23125040,CAMPO CAPOTE [23125040],6.6161111110,-73.92055556,180,Santander,Puerto Parra,PRECIPITACION,Diaria,17/12/2022,8
23125040,CAMPO CAPOTE [23125040],6.6161111110,-73.92055556,180,Santander,Puerto Parra,PRECIPITACION,Diaria,18/12/2022,0
23125040,CAMPO CAPOTE [23125040],6.6161111110,-73.92055556,180,Santander,Puerto Parra,PRECIPITACION,Diaria,19/12/2022,0
23125040,CAMPO CAPOTE [23125040],6.6161111110,-73.92055556,180,Santander,Puerto Parra,PRECIPITACION,Diaria,20/12/2022,0
23125040,CAMPO CAPOTE [23125040],6.6161111110,-73.92055556,180,Santander,Puerto Parra,PRECIPITACION,Diaria,21/12/2022,0
23125040,CAMPO CAPOTE [23125040],6.6161111110,-73.92055556,180,Santander,Puerto Parra,PRECIPITACION,Diaria,22/12/2022,0
23125040,CAMPO CAPOTE [23125040],6.6161111110,-73.92055556,180,Santander,Puerto Parra,PRECIPITACION,Diaria,23/12/2022,0
23125040,CAMPO CAPOTE [23125040],6.6161111110,-73.92055556,180,Santander,Puerto Parra,PRECIPITACION,Diaria,24/12/2022,0
23125040,CAMPO CAPOTE [23125040],6.6161111110,-73.92055556,180,Santander,Puerto Parra,PRECIPITACION,Diaria,25/12/2022,0
23125040,CAMPO CAPOTE [23125040],6.6161111110,-73.92055556,180,Santander,Puerto Parra,PRECIPITACION,Diaria,26/12/2022,0
23125040,CAMPO CAPOTE [23125040],6.6161111110,-73.92055556,180,Santander,Puerto Parra,PRECIPITACION,Diaria,27/12/2022,0
23125040,CAMPO CAPOTE [23125040],6.6161111110,-73.92055556,180,Santander,Puerto Parra,PRECIPITACION,Diaria,28/12/2022,0
23125040,CAMPO CAPOTE [23125040],6.6161111110,-73.92055556,180,Santander,Puerto Parra,PRECIPITACION,Diaria,29/12/2022,0
23125040,CAMPO CAPOTE [23125040],6.6161111110,-73.92055556,180,Santander,Puerto Parra,PRECIPITACION,Diaria,30/12/2022,0
23125040,CAMPO CAPOTE [23125040],6.6161111110,-73.92055556,180,Santander,Puerto Parra,PRECIPITACION,Diaria,31/12/2022,0
